,mean,std,2.5q,25q,50q,75q,97.5q,mc err
a(Addition.Complex.MD),3.455521542853484,0.18501104493134363,3.1091081849012481,3.3300229553817848,3.4533718820315316,3.5769787606421954,3.8299612434105725,0.0064602730955540715
a(Addition.Complex.TD),3.1508558610728707,0.17608158478539612,2.8156250047514675,3.0326121471560543,3.1485319825263063,3.2646331630145835,3.5068747439924293,0.0055447897426200814
a(Addition.Simple.MD),3.0017173065740383,0.16322119576251867,2.688758224097719,2.8922550479177858,2.9971554536023066,3.1082375461111384,3.3389749488297644,0.0049571151666498638
a(Addition.Simple.TD),3.1533802699128137,0.18852615578501783,2.7940338696239442,3.0229541373697622,3.1508127778291479,3.2814793038320174,3.5362498815630832,0.0066672967922502772
a(Subtraction.Complex.MD),2.8179410904467188,0.17007217946241077,2.4908906199839866,2.7029947833578487,2.8161988234464772,2.9316698854640828,3.1513885190626874,0.0053124790206895544
a(Subtraction.Complex.TD),3.3063509853387041,0.17032943522983388,2.9827118451331662,3.1928108553776688,3.3053753478467405,3.4192263368536691,3.6521145976425622,0.0053253768413674503
a(Subtraction.Simple.MD),2.8810746427924472,0.16731899114110207,2.5565733514693783,2.7685842417350877,2.8770025711860838,2.9925225815090553,3.2230125304656121,0.0049381031205671102
a(Subtraction.Simple.TD),3.163529811455648,0.17637465341566747,2.8139197899105204,3.045680332185206,3.1602795750111565,3.2842472522523765,3.5184516209036465,0.0056767104863622089
a_std,0.50867222792005939,0.063115516202845723,0.39781917069380901,0.4632899380544539,0.50519195156678043,0.54913849769799272,0.64009091653490646,0.0028378962958697184
a_subj(Addition.Complex.MD).39,3.6459859247866691,0.46992534795928814,2.803935845962231,3.321833504495169,3.6148300131487416,3.9329810524177025,4.6821816625389046,0.013864395826403498
a_subj(Addition.Complex.MD).56,3.2880043205395815,0.41069611738429679,2.5868239358192073,3.0042146238885783,3.2584422097242709,3.5519784679110833,4.1597127168388308,0.0085686886967649544
a_subj(Addition.Complex.MD).95,3.3752862299186361,0.43282182716716128,2.5753439890448533,3.0691500974646946,3.3519219566338112,3.6444801885907454,4.2917672231119566,0.0089596540338261355
a_subj(Addition.Complex.MD).229,3.3057671010322629,0.3817478755113623,2.6227535839648857,3.0335750442615961,3.2768006752161019,3.5555716307712841,4.1129485594967763,0.0097593650751191287
a_subj(Addition.Complex.MD).236,2.965140773923149,0.35470175858286124,2.3397131121729196,2.7076495002620558,2.9419808065858453,3.192076977082869,3.7183944266086666,0.0092453862438220975
a_subj(Addition.Complex.MD).262,3.1913049310792867,0.25093260430813397,2.714844653745307,3.0129849615263868,3.1863692857769887,3.3571966428976596,3.6989500920086877,0.0051151906120238903
a_subj(Addition.Complex.MD).263,3.3161764754327643,0.39188325047919725,2.6014914916173515,3.0421896916343378,3.2984948961881311,3.5694356627832593,4.1373861916805934,0.0074414713778168636
a_subj(Addition.Complex.MD).267,3.6343047339581211,0.43624821177702283,2.8804013526066954,3.3216300097120537,3.5993930265624545,3.9116596581200689,4.5899943319698107,0.01224309408578626
a_subj(Addition.Complex.MD).269,3.3190962259900494,0.37544906379108162,2.654667338398963,3.0530636196863199,3.2986006347807568,3.5519251051697482,4.1290823582455989,0.0082212995540504041
a_subj(Addition.Complex.MD).320,3.6754544890851104,0.5157968133097639,2.7793304047474203,3.3192153303026175,3.640047880824052,3.9967168503032453,4.7885324761540895,0.013157896328218571
a_subj(Addition.Complex.MD).334,3.6441707015862024,0.39868998582022475,2.9271077824247045,3.3672924208033024,3.6210235320605655,3.9016470936542138,4.5007888694447393,0.0095190220056020607
a_subj(Addition.Complex.MD).339,3.3590679736563893,0.37190530377344255,2.6759125203518388,3.0915018844504702,3.3486543002890086,3.6068304246075282,4.1109146265624581,0.0094129238772997902
a_subj(Addition.Complex.MD).340,3.534176459134061,0.3731454860531675,2.861416924250098,3.2790116576321471,3.5083064839477371,3.77638695440434,4.3305211511150636,0.0070978885325679144
a_subj(Addition.Complex.MD).346,3.8628302532668628,0.35208839900076377,3.2187459032179788,3.6211156404911224,3.8511834564875103,4.0913760884154682,4.597761921975863,0.0080504023413369725
a_subj(Addition.Complex.MD).350,3.6981693002674381,0.49162446318445491,2.8338881422294766,3.3558607703437429,3.6624330172561703,3.9967971138306946,4.8064366259753211,0.012256681996574306
a_subj(Addition.Complex.MD).471,3.8078259494838251,0.49845451630750104,2.9376029808608126,3.4540695774553285,3.762546422901814,4.1143384079220517,4.8920294981599479,0.013916691818022306
a_subj(Addition.Complex.TD).6,1.6357266947117235,0.074155134806846643,1.4941298067462245,1.584692647191416,1.6340095614157202,1.6853870910861308,1.7831511701366893,0.0014568955707815446
a_subj(Addition.Complex.TD).19,3.154131176371104,0.35606571571905243,2.523158678816769,2.9055564954205879,3.1295188847160018,3.3801653408899854,3.91457816465629,0.0074851240068498758
a_subj(Addition.Complex.TD).23,3.0175768929094477,0.35129305852269832,2.4001764628005531,2.7670832725066381,2.9990043511003366,3.2383408401485796,3.7501731012875688,0.0075271779204657465
a_subj(Addition.Complex.TD).48,3.1617504401884071,0.37783397861402052,2.5250312898344687,2.8872699028085309,3.1333316991973681,3.3968236872157749,3.9804378362347856,0.0081451609509376448
a_subj(Addition.Complex.TD).62,3.6108639043710764,0.49574587026249461,2.7686724185413065,3.2539277116736987,3.5755956527811921,3.9159473052335385,4.6795242580729814,0.013808749173262736
a_subj(Addition.Complex.TD).105,3.032076516846876,0.3749058491881887,2.3951827318730938,2.7667568548869261,2.9954097564704041,3.2567112540244221,3.8641922693993287,0.0087474676619913629
a_subj(Addition.Complex.TD).203,3.0284443236075287,0.337119248346403,2.429152326520541,2.7972985926930258,3.0025707656403506,3.2413742658591875,3.7374584220629754,0.0080531531060771717
a_subj(Addition.Complex.TD).204,3.3363697971721606,0.47964769389952178,2.5263553669910226,2.9930237994032063,3.2925470302182638,3.6250089464544697,4.4097353084497612,0.013018809220966172
a_subj(Addition.Complex.TD).227,3.4059391710015983,0.39465007436934463,2.7176280018310544,3.1258948732054632,3.379012339659079,3.6563638774291416,4.2151689374713683,0.0082903910286374581
a_subj(Addition.Complex.TD).238,3.809564857828553,0.44807502812663247,3.0199299379431235,3.4980593164332743,3.7713163641452812,4.0779536514054602,4.7998218657510616,0.011634793604493755
a_subj(Addition.Complex.TD).244,3.5635552342563406,0.49250420142098511,2.7383633803933209,3.2114482112406746,3.51564771635271,3.8803439636343633,4.6340898130608972,0.013215349784512984
a_subj(Addition.Complex.TD).250,3.0866990218827319,0.37030187512922458,2.4328321168885991,2.8281673141939745,3.0572486311437981,3.3147984266847081,3.9061713309265702,0.0095736499923014112
a_subj(Addition.Complex.TD).274,3.5278848646032448,0.33062142670816747,2.9387192819678067,3.2938182496060664,3.5123116928939377,3.7414409464339831,4.2270360276932024,0.0072774906553124408
a_subj(Addition.Complex.TD).286,3.4560909764734462,0.43988793960916461,2.6902991615104659,3.1429896515855189,3.4205066635374761,3.7357046760103358,4.3981677523266169,0.01059403086137276
a_subj(Addition.Complex.TD).317,3.6416087958068739,0.48283921689052345,2.7800814627164714,3.3038564762697975,3.6022221528836607,3.9413935264419639,4.6878857697665195,0.013412032229211213
a_subj(Addition.Complex.TD).358,3.1518234022396223,0.38386877786061691,2.4792838393075138,2.8900183503990293,3.1265142196012343,3.3813807730956529,4.0006822029344997,0.010199235193167832
a_subj(Addition.Complex.TD).465,3.2616823476608032,0.47683164018438029,2.4449418523340158,2.9217756505356429,3.2263296679405382,3.5582358819197442,4.302079366608198,0.01380987958439241
a_subj(Addition.Simple.MD).39,3.2679761968146956,0.45273217769936352,2.4757082849043823,2.9440519411772703,3.2366861217627401,3.5542089197733651,4.259598033016843,0.012908208133645422
a_subj(Addition.Simple.MD).56,3.311350972994386,0.39451778129661885,2.6328222024189132,3.0309837280253187,3.2786880704543915,3.5601757191588446,4.1873437197595518,0.010273111829152543
a_subj(Addition.Simple.MD).95,3.1799687759726449,0.36976083346022048,2.5174057502708571,2.9204810897755329,3.1549079345389437,3.4132241285833294,3.9634261908066444,0.0089604981033977269
a_subj(Addition.Simple.MD).229,3.2214262169281218,0.34428327533730524,2.6100051653221081,2.9826734350380408,3.2052871003349956,3.4384741525152656,3.9427812305159877,0.0078580540023306215
a_subj(Addition.Simple.MD).236,2.5054185256707528,0.28500819442177416,2.0082997124003397,2.3031762352142398,2.4864043842153478,2.6893920922961136,3.1246399099176632,0.0059643179897562451
a_subj(Addition.Simple.MD).262,3.0020831827185819,0.27285075240003409,2.5070853355667277,2.8089263842645922,2.9924066601034927,3.1834066542442372,3.5612343755458342,0.0050561344461251155
a_subj(Addition.Simple.MD).263,2.5837190121152314,0.15298249175557324,2.2990361066563363,2.4788054215885715,2.5792266705944868,2.682539245696709,2.9061457270252449,0.0020686364330802093
a_subj(Addition.Simple.MD).267,2.8172499991156608,0.30561308620142957,2.2522102023912294,2.6099425563847793,2.7994734319730941,3.0056408519046456,3.4552280173897709,0.0070253007189257644
a_subj(Addition.Simple.MD).269,3.0847581966709057,0.3840661380586422,2.4274593856060447,2.8091917546267542,3.0599472662389458,3.3261155120823398,3.9209655045685974,0.0094726394641471666
a_subj(Addition.Simple.MD).320,3.3911895652481432,0.44591424861428014,2.631074510811267,3.0835406074031506,3.3467906003576622,3.6697820561863854,4.3658068279821629,0.013471083927958349
a_subj(Addition.Simple.MD).334,3.324749715298482,0.44935359493735755,2.5196082129807191,3.0110932506735191,3.2925998554301241,3.6016457343865129,4.2789327240619128,0.013584421113800333
a_subj(Addition.Simple.MD).339,3.3595897611415002,0.45656015601622574,2.6027975413188615,3.0292558015381812,3.3109502719820982,3.6376389225963637,4.4041408785956344,0.012514113308630526
a_subj(Addition.Simple.MD).340,2.4426730261194609,0.1997656235560307,2.0791097297848582,2.3043854031565072,2.4300276403505805,2.5739132116641548,2.8686046626881123,0.0033423712378706483
a_subj(Addition.Simple.MD).346,2.8712830784307295,0.34919521361434613,2.2544437006596887,2.6267313057296242,2.8481269568953897,3.092111992017176,3.6147850178963128,0.0090526084598693199
a_subj(Addition.Simple.MD).350,2.7649216275201258,0.37049058676728025,2.1306771449013979,2.4972739689059611,2.7351616189009542,2.9955106470125594,3.5745338778772506,0.010832051254271297
a_subj(Addition.Simple.MD).471,3.1168459646657469,0.44330132795932986,2.3430434915955858,2.8069049912644881,3.0831512267905898,3.3988839903519246,4.057913735940323,0.014076816850412283
a_subj(Addition.Simple.TD).6,3.4091780130146865,0.42934497316126025,2.6720726307731373,3.1066729790469561,3.3739538712471719,3.6741523994834671,4.3433350699700028,0.010828323852084942
a_subj(Addition.Simple.TD).19,2.9888866826776068,0.36213911814516886,2.3299642799715161,2.7330400132705392,2.9723786736692781,3.2244411863445404,3.7486052370027223,0.0094711918673287265
a_subj(Addition.Simple.TD).23,2.9021481081035052,0.38778566013194321,2.2288754699611428,2.6293757165388563,2.8663455812527854,3.15913329800745,3.7241039910960416,0.0097745629987541736
a_subj(Addition.Simple.TD).48,3.4325179349335793,0.46822188507419926,2.6246138920758657,3.09279326990226,3.3978136811617548,3.7279802509111519,4.4366480373866333,0.011747209474348879
a_subj(Addition.Simple.TD).62,3.5788230976018349,0.35071428166178814,2.938909236761416,3.3352530520714461,3.5586168821434558,3.8020494392869777,4.3001241798878755,0.0081502299691466051
a_subj(Addition.Simple.TD).105,3.2912301961553245,0.49327636951237358,2.4528436022928268,2.9374826225617992,3.2498849362584394,3.6022952297285533,4.3637030266784436,0.014756258984368434
a_subj(Addition.Simple.TD).203,2.9901424562005627,0.41143490815283501,2.2657783378520806,2.6996123755508639,2.9555316242874161,3.247126008976684,3.8751664360541827,0.012183980783488422
a_subj(Addition.Simple.TD).204,3.2563052409570239,0.48333619810941925,2.4212898249110761,2.9128859143758734,3.2182144354990787,3.5711971006004788,4.2577379308674441,0.015614757600101734
a_subj(Addition.Simple.TD).227,3.3617868615818773,0.31607389037360067,2.7886171148218537,3.1424234335619454,3.3454376882129635,3.5555205049616507,4.0386777774042892,0.0069721369779273488
a_subj(Addition.Simple.TD).238,2.6794075549809224,0.19283342688304195,2.3186919579605845,2.5455287828791571,2.6708763424526758,2.8056090952345167,3.083247123933111,0.0033225070548892391
a_subj(Addition.Simple.TD).244,3.1642480553914734,0.46128633342855302,2.3685939782272891,2.8378889778462968,3.1275533737263843,3.4552978372631773,4.1485569156086761,0.014918171193829774
a_subj(Addition.Simple.TD).250,2.8804100593880784,0.35162372246165491,2.2550442597316045,2.6355026651882261,2.8580344791145382,3.1006419240737433,3.6655589848567511,0.0084921986650041935
a_subj(Addition.Simple.TD).274,3.0721769379696866,0.37222778455169803,2.3883503232906289,2.8139177710177776,3.0594130462435096,3.3028086773373113,3.8678467725577228,0.0088951649262975913
a_subj(Addition.Simple.TD).286,3.5980292828129636,0.47914106307976978,2.8069451725060306,3.2614793665102875,3.5452031919147111,3.8834992505203445,4.6533250625366041,0.013373743953707776
a_subj(Addition.Simple.TD).317,3.1970362369129464,0.46736354733688057,2.3718331477010102,2.8744021777567688,3.1587028805224708,3.4899868355168553,4.2090291844271848,0.015311963418876969
a_subj(Addition.Simple.TD).358,2.8790753556277036,0.36411368502380503,2.2286409105970741,2.6284948217983213,2.8510117237638326,3.1159746819218488,3.6531876548306834,0.0087178093667712158
a_subj(Addition.Simple.TD).465,3.1995778602323242,0.48234719675171722,2.3564126843285251,2.8660788011243556,3.1600425166361292,3.4910204000120286,4.2856359692420298,0.016767618783891658
a_subj(Subtraction.Complex.MD).39,3.3273401322891138,0.45099407221743165,2.5785175494724366,3.0103659900580952,3.2840935492736989,3.5974449229221799,4.3531654159191699,0.012934895986205664
a_subj(Subtraction.Complex.MD).56,3.2330217614397894,0.43159327966736866,2.4985348794581137,2.9305260095352104,3.1955464088584025,3.5024023549475927,4.1621050976978529,0.010684834973656795
a_subj(Subtraction.Complex.MD).95,2.7091141770909277,0.36428196956060444,2.0719795396970313,2.4514751990737107,2.6812498260923725,2.9460565575697304,3.479943329151157,0.009909897500615673
a_subj(Subtraction.Complex.MD).229,3.0509036069990914,0.36083314733694505,2.4140923145941491,2.7950742818741148,3.030305428195267,3.2740582848378712,3.8195988307792126,0.007941124871331532
a_subj(Subtraction.Complex.MD).236,2.4254693723855003,0.27162650476589451,1.9508231695286404,2.2419605743750877,2.4039577342725864,2.5930444748784538,3.0163244044539956,0.0067616593844446737
a_subj(Subtraction.Complex.MD).262,2.6629794113024778,0.23709245993074055,2.2265923334504247,2.4963267759997709,2.6521922675788576,2.814206307488071,3.1615773728038254,0.0040483288545902765
a_subj(Subtraction.Complex.MD).263,2.5456259456729202,0.46264537458070454,1.6700160349179234,2.2352312752584296,2.5374656095507993,2.8505867505318205,3.4624196263207327,0.009685966103553963
a_subj(Subtraction.Complex.MD).267,2.892869920544725,0.41572378501619278,2.1602577660522613,2.6068487652269461,2.8563804715833361,3.1454003904447623,3.7978214354197668,0.012274366399539893
a_subj(Subtraction.Complex.MD).269,3.2028413394910324,0.43314194549266777,2.4760976590091488,2.8906295367026846,3.170570324698919,3.4805851206832901,4.1278982493030316,0.00985979115991765
a_subj(Subtraction.Complex.MD).320,2.9115149949443682,0.3437776173849133,2.29875103017892,2.6695276733906255,2.889454618677084,3.1353682222519819,3.63316729949267,0.0065371326595442146
a_subj(Subtraction.Complex.MD).334,3.0754089210061544,0.45602127359418393,2.3013029580928057,2.7465994350202441,3.0454865515090468,3.3539545372229593,4.0945706116666827,0.013470024760617224
a_subj(Subtraction.Complex.MD).339,2.6825481602619798,0.34778929575433581,2.0684151798802652,2.440602213071962,2.6613459019744106,2.9010124820370313,3.4212137770742252,0.0078016227891977378
a_subj(Subtraction.Complex.MD).340,3.1282402485741208,0.49341965855945541,2.2781980318776873,2.7745935741855261,3.0908993695939042,3.4298392645273124,4.2188712403431046,0.011612131437017873
a_subj(Subtraction.Complex.MD).346,2.5401239023725379,0.33758703163103365,1.9667470397268154,2.302331290224052,2.5042667434214385,2.7538882018596142,3.291859422261592,0.0085791603836251461
a_subj(Subtraction.Complex.MD).350,2.1794477052485379,0.2691676024479363,1.7225985888230042,1.9867772059207158,2.1567706036237837,2.3455845501796704,2.7751653259711353,0.0086651276946235079
a_subj(Subtraction.Complex.MD).471,2.7396589826749493,0.21148873694235881,2.3542240636283429,2.5895473200962265,2.7334071523101326,2.878492100559825,3.17731614107905,0.0035092482075546987
a_subj(Subtraction.Complex.TD).6,3.5422633612606069,0.49602125258430707,2.673851368318485,3.1993218178566165,3.5015528727287712,3.8597068709709204,4.6135668437461224,0.012766130081261168
a_subj(Subtraction.Complex.TD).19,3.1129846122682738,0.23444877292027722,2.6861970475332466,2.9486142109698328,3.1010138825357108,3.2727135045552864,3.590682847542491,0.0043888768151992682
a_subj(Subtraction.Complex.TD).23,3.2093923109965585,0.35195798299355319,2.5809143102457579,2.9553788845197984,3.198510428176792,3.4316153279543178,3.9569168188377226,0.0073898782916271468
a_subj(Subtraction.Complex.TD).48,3.1922207635138111,0.34505640100719076,2.552049282495839,2.9534592421958159,3.16979757840175,3.4122429146397186,3.9094858851963332,0.0082271858133588643
a_subj(Subtraction.Complex.TD).62,3.7412153222286926,0.43231799200218024,2.970724389581338,3.4350521834035979,3.7238060078381592,4.0095546347928783,4.6663375283792998,0.010949284238060377
a_subj(Subtraction.Complex.TD).105,3.5525248614230454,0.41962347572292957,2.8323665329249605,3.257050826498713,3.5195435040701994,3.8098843937632543,4.474225689041714,0.010292492957882069
a_subj(Subtraction.Complex.TD).203,3.4563181673327237,0.4787135204077016,2.6258385326240665,3.1178827528656066,3.4309199391786569,3.7566106157413857,4.4927666435871956,0.013156566579186546
a_subj(Subtraction.Complex.TD).204,3.0005669189948794,0.40383073048310975,2.3031350403925765,2.7149213427614685,2.9680456892809737,3.2487757236075594,3.8607491819536053,0.010690861827116423
a_subj(Subtraction.Complex.TD).227,3.5442182040926502,0.30646783750085027,2.9975471342066871,3.3283551951712296,3.5206475748166701,3.7442789082392727,4.201131179547728,0.0061519606177582401
a_subj(Subtraction.Complex.TD).238,3.5823671435704565,0.32415419130161499,3.0296352671663915,3.3512672769970089,3.5566376343361861,3.7908920880735701,4.2593947754392927,0.0055811072421594714
a_subj(Subtraction.Complex.TD).244,3.8662347752011588,0.49689649614751796,3.023462594332166,3.5126674042369612,3.8277539329131711,4.1760421973007622,4.9730064856854908,0.014586503730397793
a_subj(Subtraction.Complex.TD).250,3.1646325961062121,0.40365145007807685,2.4469062138955522,2.8872688598861922,3.1399842197857932,3.4195282675515193,4.0166310257339886,0.010725336010336801
a_subj(Subtraction.Complex.TD).274,2.3285463063094016,0.13936644565304632,2.0699567164316868,2.2325865848752615,2.3257952094883891,2.4221749451853722,2.6148966262080613,0.002324237276855766
a_subj(Subtraction.Complex.TD).286,3.826883020102116,0.42622727508054303,3.0839300069250131,3.5344594461809709,3.7964116634620422,4.0925904886570041,4.7418391891820946,0.010578619531172725
a_subj(Subtraction.Complex.TD).317,3.2770945532419291,0.45046691473368644,2.468834090521812,2.957813301534522,3.2481057075522788,3.5597671287912913,4.2414248750647436,0.012842353298836057
a_subj(Subtraction.Complex.TD).358,3.1319991021107407,0.33075246831736344,2.551477782656637,2.8990562825021229,3.1034059301312604,3.3459661131987017,3.8369604343039052,0.0070033941645250399
a_subj(Subtraction.Complex.TD).465,3.241980372376386,0.42098649864955762,2.529446518465631,2.9423526165665725,3.2110190548818727,3.5021662177568258,4.1895257114718518,0.011767057671418195
a_subj(Subtraction.Simple.MD).39,2.9087659188263735,0.41793751657948142,2.195777716091925,2.6164608277163923,2.877914041421413,3.1644561072240887,3.8241871385092954,0.012159800468588517
a_subj(Subtraction.Simple.MD).56,2.6990357330415025,0.39055800086312714,2.0246456773326225,2.4198686904308833,2.6618909462277025,2.9399710005435629,3.5586960860932644,0.0090655626689795463
a_subj(Subtraction.Simple.MD).95,2.9183635998697923,0.42175789103589739,2.1799685899953292,2.6321998053959943,2.8852284006296167,3.1765156533140742,3.862981317795251,0.0092109222872338754
a_subj(Subtraction.Simple.MD).229,2.9741030700341566,0.32398775987099498,2.415392582923185,2.7445915068099209,2.9532777866418765,3.1768121167574259,3.6687522229215088,0.0083041017412401798
a_subj(Subtraction.Simple.MD).236,2.1823308698895172,0.26713040527205617,1.7267573149132902,1.9884832547643048,2.1628316698618768,2.3531207214800092,2.7523444756029898,0.0068038325180162923
a_subj(Subtraction.Simple.MD).262,2.9150766570725137,0.2578465465853102,2.4506849181873882,2.7349692783452371,2.9019982939228526,3.0870582354508067,3.4449933479155455,0.0049195119782753987
a_subj(Subtraction.Simple.MD).263,3.4363916406611774,0.34066850001313215,2.816326383757958,3.2022370733543872,3.419716340724277,3.6576373067274881,4.1490932208385773,0.0067330546227098356
a_subj(Subtraction.Simple.MD).267,2.5539762588518955,0.34135009748581846,1.9599633502937781,2.3153097122624957,2.5283216943130995,2.7626169840590267,3.303694487253364,0.0082839941811994229
a_subj(Subtraction.Simple.MD).269,3.0017974974058332,0.42704985441528698,2.2666196152268476,2.6956023494351591,2.9658246335048997,3.2680239844076335,3.9135003589647384,0.010783803994735259
a_subj(Subtraction.Simple.MD).320,2.9996582036779667,0.36701809199394497,2.3583854521033087,2.7399266823025816,2.9697426440472876,3.2280453230637631,3.7952482154626161,0.0088613240680194376
a_subj(Subtraction.Simple.MD).334,2.948231501419718,0.35475717404615464,2.3198326635323614,2.7030845631129949,2.9249594553156704,3.1674369780011222,3.7212414478118792,0.0083362731074244599
a_subj(Subtraction.Simple.MD).339,3.0784893222348808,0.38942352997450053,2.4173745554558512,2.800155267888238,3.0495563817311941,3.3194039230927581,3.923295765161618,0.0099764687935277978
a_subj(Subtraction.Simple.MD).340,2.8698098736435242,0.21352495500235194,2.4859018166842355,2.7208569854845908,2.8572043895281398,3.0112000883288355,3.3026882094322483,0.0033243267447432981
a_subj(Subtraction.Simple.MD).346,2.9164418250542017,0.35090320297172639,2.2966077100511044,2.6691562726139995,2.8927887195827804,3.1346521486749812,3.6817621578889828,0.0081249318998162824
a_subj(Subtraction.Simple.MD).350,2.5388500639782046,0.2512723344126766,2.0861452141277046,2.3580127329037959,2.530612197259539,2.7095587265319434,3.0495083115006745,0.00587331431350067
a_subj(Subtraction.Simple.MD).471,3.2819766075646148,0.44556174939183635,2.5177504831708108,2.9688978889985465,3.2461053852895576,3.5564290397931115,4.2607883317480573,0.013261627779924592
a_subj(Subtraction.Simple.TD).6,2.890155488013177,0.34109281016469933,2.2711169226834818,2.6495645676242994,2.8750634281224698,3.1114155101788197,3.6036834490131406,0.0075252264269469347
a_subj(Subtraction.Simple.TD).19,3.6996583417311792,0.49175052520148776,2.8664602999451461,3.3611830302003867,3.6572247567497755,3.9848042180939851,4.7881067154818133,0.013808908344124866
a_subj(Subtraction.Simple.TD).23,3.279963870736418,0.37170923885954904,2.6197298794600736,3.0232168079417625,3.2575628973745774,3.5178913223649495,4.0943213925788458,0.0090086957682159411
a_subj(Subtraction.Simple.TD).48,3.2538923586170281,0.41265734064786203,2.5345760428177488,2.9641447393792109,3.2221790221145139,3.5090968467909711,4.1482165427007454,0.010345733386053988
a_subj(Subtraction.Simple.TD).62,3.1884858078278668,0.40540805070227431,2.4576744237084713,2.9068761017254663,3.1690597725242315,3.4423882471535245,4.0578704220790716,0.010378482051818239
a_subj(Subtraction.Simple.TD).105,3.4263594151925969,0.46954424277189982,2.636398401562702,3.0933942926083331,3.37978373076146,3.7230125749881235,4.4561233040508776,0.01222897827820804
a_subj(Subtraction.Simple.TD).203,3.1209443109969679,0.48641945881485432,2.2769690874817141,2.7692114594980817,3.0910269514860711,3.4331757767447124,4.1595074068490785,0.014941908869576862
a_subj(Subtraction.Simple.TD).204,3.3223847645179543,0.48615480984810028,2.4960027382738366,2.9859881364986975,3.2761249383817588,3.6118894579267602,4.4004216518572878,0.015237768044134195
a_subj(Subtraction.Simple.TD).227,2.9783479850071806,0.21299370886857433,2.5798301789883933,2.8288468310882604,2.9711077915000632,3.1192297228442607,3.4045332207375028,0.0034937234454754931
a_subj(Subtraction.Simple.TD).238,3.0382051787831799,0.22393860304173641,2.6263341440262478,2.8854326442803906,3.0304136452661758,3.1845333549717032,3.5109421102607685,0.0033747240193243875
a_subj(Subtraction.Simple.TD).244,3.3715109888932551,0.47026175925115454,2.5838515712350376,3.0367524497406073,3.3274236584284687,3.6577458307289357,4.4318254043725123,0.012905456007154309
a_subj(Subtraction.Simple.TD).250,3.3243295363355037,0.45702764051352829,2.5162531801278072,2.99775856366265,3.2986330783791851,3.6182658050181393,4.2837485395412491,0.013651269449327727
a_subj(Subtraction.Simple.TD).274,3.4174800376309138,0.29816237289346992,2.8752863659809749,3.2089625674828142,3.4049944550435307,3.6126294669589041,4.0292150949678147,0.0057366183125355423
a_subj(Subtraction.Simple.TD).286,3.316702933545935,0.41418987487180842,2.5940632807864281,3.0225812594503285,3.291583340366139,3.5778852098394145,4.2276768951576473,0.0093776875008112232
a_subj(Subtraction.Simple.TD).317,2.4129655864093809,0.35650837950847597,1.7786910106049205,2.1557407034334313,2.395809526782636,2.6337593397815473,3.2058340754296566,0.01024995079867887
a_subj(Subtraction.Simple.TD).358,2.9360115210337301,0.23818642367617188,2.496956364951445,2.770505495995109,2.9243101721304496,3.0887202162887908,3.4288616375075285,0.0044189041511065062
a_subj(Subtraction.Simple.TD).465,3.0571807617633251,0.3670431316572958,2.4050690058575594,2.8001223496114727,3.0339444508178319,3.2908293230363173,3.8403060604429369,0.010126991262856563
v(Addition.Complex.MD),0.54757696465053896,0.10217352101678971,0.3507310166943593,0.47987847955508933,0.54588979444960928,0.61506620107564225,0.75150639074712888,0.0018116485179035715
v(Addition.Complex.TD),0.73116536142739663,0.095813963378164196,0.54858188374562411,0.66494152993466771,0.73087156176528867,0.79469945332953651,0.92212547445007109,0.0022332099429237893
v(Addition.Simple.MD),0.69196987212271821,0.10165095363830254,0.49806457935426457,0.62341182694872077,0.69222252257770545,0.76127198757732362,0.89088449208965148,0.0022151483265223739
v(Addition.Simple.TD),1.0146918701168524,0.10784878272490049,0.80443754154809888,0.9408480450796981,1.013429315841835,1.0866319302848524,1.230748919663661,0.0025381883650133228
v(Subtraction.Complex.MD),0.41837844114473349,0.10902554378433488,0.20676329544618952,0.34407988203580897,0.41756948574042796,0.49253563354477375,0.63201670973383972,0.0024034381165945265
v(Subtraction.Complex.TD),0.69907590928436414,0.096554798426261051,0.50798383481473208,0.63437843157474783,0.69903721827218579,0.76420041793181925,0.88842864776370056,0.0020865583399399135
v(Subtraction.Simple.MD),0.57331726159920215,0.10310911694818829,0.37062146856679035,0.50610407354818032,0.57309452905597036,0.6435693972340174,0.77578795250603216,0.0023515997578438304
v(Subtraction.Simple.TD),0.87706163214952049,0.098869354388223751,0.68502212308117016,0.81027633448819092,0.87626691067208307,0.94228177032806615,1.07268246714653,0.0018615873955114761
v_std,0.34246804489972654,0.032120678116129522,0.2835601066518173,0.32023363781068825,0.34093544725444891,0.36327582896363192,0.40728714391354759,0.0010721776931133971
v_subj(Addition.Complex.MD).39,0.91520590438047777,0.1825214489572643,0.56307087252717658,0.79224904888082825,0.91267002811541409,1.0389866596895874,1.2746426936287876,0.0039943657259751773
v_subj(Addition.Complex.MD).56,0.40703473645048027,0.18416486230426279,0.039886638998846702,0.28931705298495008,0.40585885483487583,0.52896823473637911,0.77467334372036212,0.0027822726970200052
v_subj(Addition.Complex.MD).95,0.25698320602790381,0.19895663884106954,-0.12798411660001197,0.12274571737388174,0.25943461321957462,0.39305899420724422,0.64346850309548231,0.0028307651188585721
v_subj(Addition.Complex.MD).229,0.67739241902033931,0.16863132860219102,0.3594564944225197,0.56217631183101735,0.67573208756813019,0.79268604784756858,1.0098037573159553,0.002368306979679673
v_subj(Addition.Complex.MD).236,0.5194971673238068,0.17806539989211154,0.16780936496231191,0.40105311671719007,0.51967540633195097,0.63552861451436837,0.88197991722376567,0.0029375415308485709
v_subj(Addition.Complex.MD).262,0.18002435439076553,0.13843695769006981,-0.09854316121256157,0.087872594811171267,0.17993030005003596,0.27490066633250909,0.45034175692116807,0.0020299963699938442
v_subj(Addition.Complex.MD).263,0.55698724998834781,0.22641143159736499,0.11659416994182148,0.40515642856511591,0.55297354725811876,0.71064563286062232,1.0032280763353922,0.003716567031387162
v_subj(Addition.Complex.MD).267,0.70682582839712771,0.17078573497339058,0.38070363851942901,0.5898034073066295,0.7069998985178263,0.82031816115655021,1.0423218914279704,0.0031010348156827613
v_subj(Addition.Complex.MD).269,0.38261369945937085,0.16573861985004831,0.063431900824340026,0.26879317636023525,0.38118758356198856,0.4954920972927882,0.71123548623303934,0.0024659441803950677
v_subj(Addition.Complex.MD).320,0.74597178929673114,0.21734515683268474,0.33281151273109483,0.59754237485401085,0.74092613771883298,0.88413255104787369,1.1882803021564361,0.0038930030365362466
v_subj(Addition.Complex.MD).334,0.57970403377277546,0.1584914923835454,0.27236899785833657,0.47165614197506134,0.57837076442406743,0.68698073010692884,0.88964555782050769,0.0023994899685918451
v_subj(Addition.Complex.MD).339,0.075181770843717285,0.15781749444687909,-0.23129067425053595,-0.030935059662279829,0.074387047825214325,0.17947843682510795,0.38999884274170588,0.0024546156704957022
v_subj(Addition.Complex.MD).340,0.62445222755561025,0.17539181113221305,0.28422224281737307,0.50724508922093514,0.62432672582949955,0.74166193042854034,0.97978718488612981,0.002840641239559068
v_subj(Addition.Complex.MD).346,0.28159670613597076,0.12515653275701472,0.034998174147740757,0.19634999808568848,0.28191949042638387,0.36556831199837836,0.52111307760106296,0.0020967765019884559
v_subj(Addition.Complex.MD).350,0.91783427631940828,0.19759246183998713,0.52950669565929642,0.7814386164281768,0.91502723894266669,1.0498410002670537,1.3022926957782501,0.003971361631574139
v_subj(Addition.Complex.MD).471,0.9245928105566048,0.18752944012754433,0.57093297335625826,0.79519259442219736,0.91869477164820124,1.0506038676088445,1.3089448686559,0.0039269193906306867
v_subj(Addition.Complex.TD).6,0.29295986538019936,0.15805508797547135,-0.01419300086175479,0.18741051197687614,0.29358802101318682,0.39771954775276341,0.59645952685601034,0.002196164874378681
v_subj(Addition.Complex.TD).19,0.57827420711364963,0.16503694195884233,0.26159920700338635,0.46324933171593458,0.57848232108808717,0.68878594507177504,0.90728215222220077,0.0023157416685692391
v_subj(Addition.Complex.TD).23,0.64356816249070592,0.17598566870106758,0.29274942837253043,0.52644842161289085,0.64265871603395963,0.75918135773810436,0.99032102483337203,0.0030292947868974219
v_subj(Addition.Complex.TD).48,0.72609608714932716,0.17166618739293713,0.3920383279234001,0.60832627907266679,0.72581244501187436,0.84174389244156456,1.0627486313630381,0.0024204445856533387
v_subj(Addition.Complex.TD).62,1.0008593409833142,0.19556024914175826,0.61797697029264431,0.86593014458581075,1.0017776127208804,1.1313807901978825,1.4023955573757876,0.0041120373526449903
v_subj(Addition.Complex.TD).105,0.76128603688891239,0.18195062610154242,0.4022638689329785,0.63774549643883294,0.75968697750769487,0.88593999354111119,1.109736162326997,0.003217734752787603
v_subj(Addition.Complex.TD).203,0.5245627159939632,0.16816046514320709,0.20123594651129326,0.40924083658347438,0.52332452926228368,0.63975307410701132,0.84922034853164197,0.0029218992219887394
v_subj(Addition.Complex.TD).204,1.0807754817810218,0.20619109781934508,0.68050106311180558,0.94140198668828301,1.075824749551769,1.2184628023720321,1.5006963435128269,0.0041448183298160223
v_subj(Addition.Complex.TD).227,0.61749593022904037,0.162750382715176,0.30009226457135929,0.50843390223047202,0.61646122538737391,0.72384022757722977,0.94202297434026727,0.0024099548756211673
v_subj(Addition.Complex.TD).238,0.65629131469601976,0.1491255169125815,0.36986945187728315,0.55222472299194036,0.65433776518799536,0.75733280921552515,0.95188600426070058,0.0025183067261078471
v_subj(Addition.Complex.TD).244,1.0167047621902239,0.20064122404426335,0.61857163759298239,0.88091188781534291,1.018542148242692,1.1507608137376766,1.406788683598835,0.0036389185788633844
v_subj(Addition.Complex.TD).250,0.53949773056643224,0.17506052718367446,0.19669252944696192,0.4218775778553967,0.53743476351364805,0.65810175722771858,0.88066273826731911,0.0029266915099503609
v_subj(Addition.Complex.TD).274,0.45625026975331184,0.14371656600567409,0.17533332966986864,0.35541088606892612,0.45736823958355388,0.55348549344637155,0.74410084312374281,0.0024964047790156378
v_subj(Addition.Complex.TD).286,0.71420032184476001,0.17388413672903555,0.36023649079303638,0.59827690219351681,0.71398449589970725,0.83361765199814586,1.046833122570924,0.0031156282726652802
v_subj(Addition.Complex.TD).317,0.94807228169300051,0.18380606991417528,0.58305910220183943,0.82456404211423795,0.94394371918588582,1.0691081945448546,1.3105315242587823,0.0038642898582730788
v_subj(Addition.Complex.TD).358,0.65518992250448227,0.17581907390987817,0.31558334458761894,0.53535771892750217,0.65205177754027566,0.77329906836890205,1.0024058944173273,0.0028700923374634884
v_subj(Addition.Complex.TD).465,1.195738301532727,0.21915440551673224,0.77339267510830212,1.0493169120368719,1.1899380294065456,1.342413118738764,1.631703962867938,0.0041442065231075461
v_subj(Addition.Simple.MD).39,1.0410251072173111,0.20931772824773937,0.64067895815587406,0.89866966791838532,1.0346369004903082,1.1790548280609789,1.453491426038801,0.0042162303129236259
v_subj(Addition.Simple.MD).56,0.59400932871409362,0.16540097726632502,0.27505137733961948,0.48094482824354867,0.59242743247263174,0.70435023560903354,0.91883096242121109,0.0031824225015154701
v_subj(Addition.Simple.MD).95,0.037405740876266518,0.18088805204341493,-0.32569017525720018,-0.084269955916861927,0.036047419623741694,0.16272500000754508,0.39247250683021517,0.0029753133292008257
v_subj(Addition.Simple.MD).229,0.58676942809412247,0.16238231314888871,0.27684679618533858,0.47480497018551537,0.58729892268099759,0.6952766748947995,0.8975051656649915,0.0028412029602062844
v_subj(Addition.Simple.MD).236,0.41908645932374183,0.1886836714532861,0.039190587664534204,0.29312639614989228,0.4202326810623751,0.54573292091801395,0.7871186695479544,0.0029404377049192455
v_subj(Addition.Simple.MD).262,0.57492099225645943,0.16029988873700801,0.265957870917367,0.46535899033451988,0.57271029145549313,0.68654484808681149,0.88781786971953569,0.0028436219895652095
v_subj(Addition.Simple.MD).263,0.27985719079639582,0.12663414381573382,0.030072834695481998,0.19637518996728764,0.28040521720597522,0.36504035070452046,0.52871112435832646,0.0020108877367252479
v_subj(Addition.Simple.MD).267,0.57987913684207115,0.17639262210074561,0.22404527645100863,0.4614202922972867,0.58221145907252547,0.70092627741726354,0.9202976789978996,0.0028800359229784072
v_subj(Addition.Simple.MD).269,0.84258106831080115,0.19233089243206758,0.46222420265718922,0.71646841605590517,0.84611654799643965,0.96987148137322099,1.2141518821408348,0.003528725454730478
v_subj(Addition.Simple.MD).320,0.91440638395704743,0.19685483775869614,0.52036697008241239,0.78473656793998614,0.91396732736305708,1.0504925049918579,1.2922117060970195,0.0038233472220741255
v_subj(Addition.Simple.MD).334,1.0547363913643228,0.20425731770886163,0.66580467801101784,0.91653408261538472,1.051375790082212,1.1913119921707691,1.4583863954454306,0.004556544801955633
v_subj(Addition.Simple.MD).339,0.96652300363483401,0.20211523755044775,0.57340553140504413,0.8296853239250036,0.96447681277461905,1.1030437685648997,1.3646959759805548,0.0038615153145508162
v_subj(Addition.Simple.MD).340,0.27306663785374802,0.18477049967080911,-0.088315529657080283,0.14728745141871413,0.26969966275509971,0.39736977362200676,0.63431387058430955,0.002914085714189892
v_subj(Addition.Simple.MD).346,0.81275202421740989,0.19523681422271694,0.43202690619749273,0.67843928658847963,0.81180721822448731,0.94386191646841766,1.2031981490199659,0.0033482326093129955
v_subj(Addition.Simple.MD).350,0.96474213249210028,0.20071881125536603,0.57343041715029031,0.83060995336360555,0.96499749506371191,1.0998159771677036,1.3582514027463439,0.0034769898649275586
v_subj(Addition.Simple.MD).471,1.1043291607642463,0.20820419666001488,0.70897869446056072,0.95981842763996827,1.1028624194203069,1.2446812180408831,1.5199984880288422,0.0042393332170116583
v_subj(Addition.Simple.TD).6,0.83131588307134618,0.17686663243705977,0.48734204979396867,0.71321306237825066,0.83041067302591154,0.95032652198373513,1.183026542586652,0.0035945898551410873
v_subj(Addition.Simple.TD).19,0.92689458701261473,0.1896873440671254,0.56492775675588547,0.80146384251493186,0.93057793837204839,1.0557702273053486,1.2943491172927293,0.0032291472376884934
v_subj(Addition.Simple.TD).23,1.2466754707829681,0.22394415694386013,0.81828427235640344,1.0948002291218892,1.2480186767228238,1.3994592463777622,1.6915528451287503,0.0042188582251989661
v_subj(Addition.Simple.TD).48,1.1787545055440571,0.20315195878195175,0.78749605745664908,1.0416284774799802,1.1743875539893602,1.3152418031545301,1.5863693338250011,0.0037198176385245434
v_subj(Addition.Simple.TD).62,0.59538032362502402,0.14577720793789486,0.31261801936334832,0.49897885508158024,0.59407467122714208,0.69438508776205154,0.88484836672785705,0.0023900077802271216
v_subj(Addition.Simple.TD).105,1.2321468761750232,0.21574505464309246,0.81312905058646245,1.0847814156477058,1.2314274450875762,1.3723862523065291,1.6666982747382457,0.004002880874545746
v_subj(Addition.Simple.TD).203,1.1262725385771197,0.20865003140686492,0.72109090066049053,0.98212597145475755,1.1248193460072757,1.2671357531751106,1.5361877005471003,0.0043057952089188157
v_subj(Addition.Simple.TD).204,1.420615223041638,0.23786421501339208,0.96294386838147294,1.2566428847338764,1.417144217152555,1.5820350892190989,1.8954452619539586,0.0058290400644577765
v_subj(Addition.Simple.TD).227,0.44177574755406723,0.14126586593003074,0.17302814432294067,0.34484070706808478,0.44074573932839994,0.53588184101670944,0.72161781928235857,0.0020977050843042329
v_subj(Addition.Simple.TD).238,0.55469746516047846,0.15054006306062984,0.26114387644681986,0.45441956619894963,0.55416266253932078,0.65553753154214534,0.85172593946370434,0.0024501686442107797
v_subj(Addition.Simple.TD).244,1.3251023645211837,0.23182672668137258,0.88976871461920326,1.1654542244656381,1.3198733483231231,1.4779719310603283,1.79292694865678,0.0051174063585121537
v_subj(Addition.Simple.TD).250,0.97436833410411938,0.20314078850680134,0.59757298907847889,0.8344701381304418,0.97030352174001122,1.1104774296358975,1.3851789025473322,0.0036000709540572043
v_subj(Addition.Simple.TD).274,0.88279105801314295,0.19270817340011104,0.51276108867779713,0.75063174358229179,0.88021422195662646,1.0124788352488037,1.2663228402543036,0.0034819221999679629
v_subj(Addition.Simple.TD).286,1.0069269839352282,0.17952363849922398,0.64928411607908099,0.88525616698533494,1.0097550096657877,1.1286863158459348,1.3561240189381287,0.003182845215391404
v_subj(Addition.Simple.TD).317,1.4480628421796606,0.24253981592255322,0.97463323442910488,1.2802649823982479,1.4491823305537177,1.61474306105391,1.9232613781999892,0.0051554369262073437
v_subj(Addition.Simple.TD).358,0.71159727928907501,0.19734008158399116,0.33039739167932913,0.57932155652415895,0.71391523289093139,0.84428685901565381,1.0971535065246107,0.003517778454386051
v_subj(Addition.Simple.TD).465,1.3268566678489746,0.22805368364239711,0.88296032506375122,1.1695179021711959,1.3246657068972691,1.4826177083140506,1.7741069070051885,0.0052283026408302966
v_subj(Subtraction.Complex.MD).39,0.82154617673628738,0.18126633272200604,0.468400138305895,0.70053034854518237,0.82048723936381296,0.94021487949848359,1.1931607719189079,0.0032906117467767435
v_subj(Subtraction.Complex.MD).56,0.60826397201595395,0.18841804781661556,0.24655604660060471,0.47723159394545006,0.6084699377975189,0.73502172636693497,0.97668183084776783,0.0037467513695890512
v_subj(Subtraction.Complex.MD).95,0.28726817150837181,0.21429903178487222,-0.13854605031350076,0.13974127060486918,0.28928584893190817,0.43511950491090812,0.699398961259319,0.0035114862473588416
v_subj(Subtraction.Complex.MD).229,0.58141974531854557,0.18325086938019966,0.23013536675478261,0.45711118354111147,0.57894120898042245,0.70992858759160815,0.93711931233487733,0.0031001233013594524
v_subj(Subtraction.Complex.MD).236,0.0032242374762330973,0.18924917114652839,-0.37516631392161681,-0.12125028315517944,0.0055789685089034091,0.1287381736421615,0.38196029128171838,0.0029132583490424431
v_subj(Subtraction.Complex.MD).262,-0.010271968567036723,0.16979814075684019,-0.34286306094700042,-0.12891753083851987,-0.0097669185614642218,0.10516177469916688,0.32708939323512887,0.0026826773521252964
v_subj(Subtraction.Complex.MD).263,0.2593320172551512,0.35080327515866389,-0.41258294453180522,0.026578767797864389,0.2583018462314286,0.49235001841912474,0.96360316650999644,0.0062103732215796252
v_subj(Subtraction.Complex.MD).267,0.62727059371500127,0.21454429927130667,0.20431902703852256,0.4842320491686416,0.62830890993766408,0.7717837128158983,1.038872842734766,0.0035488225412931874
v_subj(Subtraction.Complex.MD).269,0.49145057854304658,0.20402381531588279,0.073528060086836142,0.36066256990915202,0.49172752750284943,0.6251029021554938,0.89279572649730965,0.0033486118054817291
v_subj(Subtraction.Complex.MD).320,0.28826241002445407,0.21345737702408343,-0.12766243315282688,0.14503970628355822,0.29039261964790519,0.43154037334084933,0.71495026781966042,0.0031748863263777356
v_subj(Subtraction.Complex.MD).334,0.82270272680607004,0.21492215559461189,0.40370180762664365,0.68106440140177282,0.82028630848296524,0.9675616359510717,1.258189441408776,0.004287123048244865
v_subj(Subtraction.Complex.MD).339,0.30815025905963833,0.20377014738847091,-0.10119822425346325,0.16979602511351677,0.30822020671487527,0.44956939044243582,0.6944856416590951,0.0029005024839402964
v_subj(Subtraction.Complex.MD).340,0.6600643670257339,0.2460203157095881,0.17733623982360269,0.49418867055909144,0.65398770451372856,0.82264529097728056,1.1543998809449252,0.004726493322857156
v_subj(Subtraction.Complex.MD).346,0.52057710552327741,0.20917994486280003,0.11978221706286418,0.38038914463107371,0.51984672539282628,0.66127674245043311,0.93420609973706936,0.0035054256746678233
v_subj(Subtraction.Complex.MD).350,0.099069627728251758,0.20085041978945273,-0.29913944476612259,-0.03800065700802685,0.10204075921308009,0.23491093518725359,0.4953082272517304,0.003332095843280404
v_subj(Subtraction.Complex.MD).471,0.31684177624561605,0.15747504782020091,0.0029711285256276976,0.21101554314902288,0.31843023151201288,0.42320231389631191,0.62590065974317666,0.0026505146529619194
v_subj(Subtraction.Complex.TD).6,0.96074977691626051,0.21156155222056422,0.54035914082062975,0.81806752299634145,0.95784733575050107,1.1007145870647534,1.3789842965591688,0.0040109191438737687
v_subj(Subtraction.Complex.TD).19,0.45283550041748843,0.13192526980314154,0.18822957059831091,0.36432630139442618,0.45491111511115945,0.54138475334699176,0.71042486328051602,0.002021755503705782
v_subj(Subtraction.Complex.TD).23,0.44569026798303091,0.16944498954922571,0.10955896255000305,0.33054001023373059,0.44482919026918089,0.55782704594744603,0.78710257442511666,0.0025223530594095985
v_subj(Subtraction.Complex.TD).48,0.48794202412050719,0.16119079146973342,0.17526065955520242,0.38005684735741596,0.48766059305002224,0.59425697209402384,0.8076288583204021,0.0029638447917630989
v_subj(Subtraction.Complex.TD).62,0.67622547582720705,0.15742979077288402,0.35884096775985669,0.57190312728563408,0.672302520899835,0.78144509208287394,0.99306571654330456,0.0029477231106718824
v_subj(Subtraction.Complex.TD).105,0.78618028870861301,0.16632639815731864,0.45893883938657809,0.67284285017192269,0.78767797544911378,0.8980936190737564,1.1080910882048003,0.00255927747097582
v_subj(Subtraction.Complex.TD).203,1.1303521726253176,0.20637703323753673,0.73192347123290102,0.99268831808654401,1.1271844640204383,1.2657644233487351,1.5318868694427836,0.0047743454498766257
v_subj(Subtraction.Complex.TD).204,0.98262631556928381,0.20931179683343598,0.58859368941818058,0.83811384129405964,0.97635014333789738,1.1200765642719821,1.4022679341672819,0.0035504033786615458
v_subj(Subtraction.Complex.TD).227,0.55563312452341229,0.13557356909241466,0.29336020040081473,0.46466078097686692,0.55605828491731724,0.64359389703186809,0.82450041230365589,0.0021917780271623936
v_subj(Subtraction.Complex.TD).238,0.38307353676261124,0.14250956178512558,0.099401807179976487,0.28490396428488618,0.38741837675746849,0.47883308696215043,0.66486240558904308,0.002305342635459505
v_subj(Subtraction.Complex.TD).244,0.83500519513957827,0.16570198249621962,0.51762752724335181,0.72090016080272956,0.83331170077255401,0.94548819247480909,1.1586511730573807,0.0031888312475339001
v_subj(Subtraction.Complex.TD).250,0.93325481587564763,0.20235648207219079,0.55054563764412134,0.79452698362942864,0.93043297921923074,1.0643461323873795,1.3448749982496324,0.0039260008616566503
v_subj(Subtraction.Complex.TD).274,0.21068670089492197,0.148038626372795,-0.082327857085389519,0.1144215767475093,0.21153015696826857,0.3091104226263125,0.50303040750772965,0.0020507711733635599
v_subj(Subtraction.Complex.TD).286,0.56882241001083567,0.15194911368065048,0.27737696211521157,0.46503657462981429,0.56842074138179766,0.6736252705554413,0.85899411074391152,0.0025667934315348594
v_subj(Subtraction.Complex.TD).317,1.1659401404240102,0.22382772727149308,0.74319042505988253,1.0153762365816781,1.1670945574815494,1.3112873231483966,1.611744706214429,0.0046759494274078058
v_subj(Subtraction.Complex.TD).358,0.44067190592674965,0.16123131430877277,0.13037547208701006,0.33236525621743318,0.43868297057123551,0.54938539680070098,0.76219114063900473,0.0027666432904373136
v_subj(Subtraction.Complex.TD).465,0.86484694920740635,0.19144889638602369,0.48949094058241099,0.73732862778721175,0.86425022721551281,0.99439440879954732,1.2392525687408278,0.0034274590163669593
v_subj(Subtraction.Simple.MD).39,1.0933073376605689,0.21444368260711177,0.68913312144538519,0.94945189198185043,1.0897147523750181,1.2400318178836185,1.5177151275914287,0.0046505001587123168
v_subj(Subtraction.Simple.MD).56,0.59723144398764794,0.22677783688166805,0.16695647215325982,0.44340553626440266,0.59152212710104202,0.75117297533936711,1.0542690948544651,0.0030867278941810118
v_subj(Subtraction.Simple.MD).95,0.43818279614551886,0.22429083599256794,0.010008712441656242,0.28655027130645438,0.43611945746133718,0.58587973686054085,0.89187282572684401,0.003727362644050805
v_subj(Subtraction.Simple.MD).229,0.47584568214885886,0.16324764531557381,0.14445012823354453,0.36611674496666252,0.47687488886072465,0.58550712038160946,0.79698502644169833,0.0028867779983453141
v_subj(Subtraction.Simple.MD).236,0.36566347637664465,0.20370040616288293,-0.035094456325905465,0.23147789639218572,0.36163521170435037,0.5002182093655525,0.75346865227264503,0.0031257030731236049
v_subj(Subtraction.Simple.MD).262,0.32593187174019733,0.17354717675572606,-0.0083909825286692108,0.20834507831771829,0.32547594117979289,0.4433198461763212,0.67626058686750223,0.0026306651390652436
v_subj(Subtraction.Simple.MD).263,0.35441656971833796,0.14749184104085106,0.065946004383811041,0.25434604337253419,0.3532081735151722,0.45637040891669811,0.63598297895623568,0.0023366560114401131
v_subj(Subtraction.Simple.MD).267,0.77978272941378668,0.21571197264883632,0.3611247772704067,0.63552441444055463,0.77536260787601297,0.92266738046977625,1.2075394541540825,0.0036977033925855067
v_subj(Subtraction.Simple.MD).269,0.68079412373711445,0.21483889761803671,0.26471408063826146,0.53567053580636936,0.67954963238821975,0.82531036516778089,1.1141638970924501,0.0038307281458955693
v_subj(Subtraction.Simple.MD).320,0.61189734214424885,0.1735913638847458,0.27972713574359637,0.49507985673766397,0.60555803905312477,0.7265281376725542,0.96748337999158296,0.0028931644897890988
v_subj(Subtraction.Simple.MD).334,0.72493054689813985,0.18838967440744148,0.35166137564760025,0.59937814015362312,0.72372507705395894,0.85012774199000041,1.1108111786517181,0.0027324946658943447
v_subj(Subtraction.Simple.MD).339,0.71832629717790364,0.17680285210329433,0.37073798908204003,0.60135916637802889,0.71829776822192137,0.83637946246699535,1.068905420603987,0.0031065161856669733
v_subj(Subtraction.Simple.MD).340,0.34490187809038408,0.14291640025454072,0.066406838378683497,0.24805513015497538,0.34671156425458571,0.44299001128919974,0.62375155668344306,0.0022818048054510992
v_subj(Subtraction.Simple.MD).346,0.69689374636631607,0.18322436028725833,0.33925712644416972,0.56880672077886429,0.69647269372233045,0.82299582852303632,1.0539331201648348,0.0030737539234047349
v_subj(Subtraction.Simple.MD).350,-0.042679380832539374,0.1807056087628936,-0.40183837015783946,-0.16145694565395552,-0.044893989940211543,0.079480142004537735,0.31284954230430018,0.0030920856381982426
v_subj(Subtraction.Simple.MD).471,0.98236182505598801,0.19555022561432647,0.60023721798523422,0.84691326070489659,0.98193153239658038,1.1142079466636381,1.3723012089640487,0.0044027133101735838
v_subj(Subtraction.Simple.TD).6,0.71111645132119228,0.18143630896445975,0.34597028176821776,0.59059453532297412,0.71027780623946768,0.82996762971719429,1.0681434256481825,0.0031458599002475544
v_subj(Subtraction.Simple.TD).19,1.051631524148495,0.18832984649558113,0.68508361268624396,0.92170939815001951,1.0505288100130654,1.1779979239939773,1.4252400373451368,0.003548848058465661
v_subj(Subtraction.Simple.TD).23,0.74850284572946824,0.16870385250218425,0.41568919350949618,0.63725514006624884,0.7479695992244999,0.8605030045417994,1.0889447746795415,0.0029691170880210655
v_subj(Subtraction.Simple.TD).48,0.90127803446809407,0.18847366524127246,0.54012458253242102,0.77091432502862167,0.90451129996393886,1.0273242797595807,1.26583582138958,0.0032553021597950824
v_subj(Subtraction.Simple.TD).62,0.91869801680960739,0.18615042367055415,0.55591482014072358,0.79162964373184552,0.92009749778746674,1.0399327350320309,1.2888174723652592,0.0033003657985262954
v_subj(Subtraction.Simple.TD).105,1.0624826668715368,0.19374413846951455,0.68924474456969032,0.92947653428674126,1.0611869375994736,1.1939233612111204,1.4394777758257316,0.0034649933957614904
v_subj(Subtraction.Simple.TD).203,1.3595714011150823,0.2411236344909955,0.87553410237553009,1.1996680950756446,1.3585105428360404,1.5153076918950517,1.840133739390124,0.0043478847381204127
v_subj(Subtraction.Simple.TD).204,1.2377633744703032,0.21516737942406272,0.81840555621655442,1.0918737207146019,1.2354359367450676,1.3824330729761267,1.6550058044838392,0.0043844732206706639
v_subj(Subtraction.Simple.TD).227,0.46512071867338728,0.13773276532153383,0.19603227033419146,0.37273179536924539,0.46564060033169885,0.55751695424854675,0.73769572399229921,0.0022964619017294594
v_subj(Subtraction.Simple.TD).238,0.4020725316199048,0.13414553966211953,0.14084865471913111,0.31004297564068756,0.40260332614622818,0.4926463655575859,0.66186742923093955,0.002289052332598298
v_subj(Subtraction.Simple.TD).244,1.1139196212428015,0.20602402641769166,0.71464471812875996,0.97968033161941304,1.1093045389656027,1.251576095108754,1.5273200378132552,0.0044449726184530389
v_subj(Subtraction.Simple.TD).250,1.261135689557096,0.22325355262696694,0.84350545306555835,1.1071427946635541,1.2590681292516577,1.4113559384586047,1.7089621182948647,0.0039723043523192314
v_subj(Subtraction.Simple.TD).274,0.54603037813428457,0.14084944788291559,0.27262637848984794,0.45113328089553972,0.54410945861963478,0.64341392191539604,0.82178424514904569,0.0023216648831839797
v_subj(Subtraction.Simple.TD).286,0.64794455861966616,0.18267480648624174,0.29359820717755025,0.5204137822224808,0.64746523070120232,0.77489731177995524,0.99800981030772939,0.0034372315669797455
v_subj(Subtraction.Simple.TD).317,1.0888655746387075,0.23151365237183066,0.64091886905817441,0.93493092635931541,1.0899002882113806,1.2418084965176619,1.5411514181069224,0.0040368732925750665
v_subj(Subtraction.Simple.TD).358,0.47279209182338006,0.15185568496290919,0.18095380659703797,0.3709692990283483,0.46957729855248076,0.57442858057008794,0.77993250257439262,0.0024738894845666246
v_subj(Subtraction.Simple.TD).465,0.87083540651450819,0.1889204275503038,0.49773376958154747,0.74383129298110884,0.87262886551479735,0.99767916849231542,1.2435868804814612,0.0032885449384152158
t(Addition.Complex.MD),0.73282311614369644,0.13680322301457629,0.49444343971700144,0.63481871962026104,0.72415540712374094,0.82308808699912905,1.0216593995417049,0.0046349309040310226
t(Addition.Complex.TD),0.77460861160714711,0.12416679298731163,0.54601247280815979,0.68855359302708818,0.76881846605089055,0.85635038446743539,1.0276192563140907,0.0032590750093360156
t(Addition.Simple.MD),0.63825244990232699,0.12061066384100286,0.4167371520830091,0.55476608687279405,0.63260231482489016,0.71700701509288867,0.88854630992278916,0.0049953932183059487
t(Addition.Simple.TD),0.78783731169899918,0.12742700449823605,0.55092648587752646,0.70038288483795386,0.78238519553571118,0.87419979576239748,1.0479829601364803,0.0036715044141313394
t(Subtraction.Complex.MD),0.71047921328684849,0.13190686990038747,0.47150024884295516,0.62135637963369295,0.70483703187595304,0.7974287116395149,0.98774834490284258,0.0046114424676711218
t(Subtraction.Complex.TD),0.60559773556975649,0.10660354961114603,0.40828891443034498,0.53091173895944821,0.60168498387789793,0.67473977359253257,0.82661439051830876,0.0042724727115884455
t(Subtraction.Simple.MD),0.75534810973566624,0.13972980249236114,0.49298594449463551,0.65732724518579844,0.75178796378069179,0.84960231090033045,1.036338989435494,0.0051381363967614186
t(Subtraction.Simple.TD),0.60612134814182739,0.1056266977665581,0.41925264318579303,0.53223440370681296,0.60016012586611245,0.6715342327332654,0.83441684215836098,0.0038268965846651286
t_std,0.94414154289857455,0.087594169981777548,0.7863913115652994,0.88285698851179184,0.93896349539251722,1.0020226447652845,1.1294252708980357,0.0028566361921548307
t_subj(Addition.Complex.MD).39,0.79028742669393526,0.20938816439722518,0.26702247436398668,0.68013046111015052,0.82817349059705703,0.93719307366624349,1.0923804053174315,0.0058622293151628004
t_subj(Addition.Complex.MD).56,1.299934635808305,0.34158261891027747,0.36554574794118172,1.1400439349836304,1.3844764212086438,1.5413110577953153,1.7414687091192944,0.0075324346822464427
t_subj(Addition.Complex.MD).95,0.8833900529171308,0.40527121530284049,0.037207706097477672,0.59551223048659785,0.96544240842180595,1.2080633528993145,1.4828120399141342,0.009374905785490311
t_subj(Addition.Complex.MD).229,0.7915880545331152,0.20835971819787014,0.23365620582030777,0.69040562050562293,0.82996796771624903,0.93943188370589448,1.0823248390107918,0.0052356567768213009
t_subj(Addition.Complex.MD).236,0.66236612902442848,0.19788293942417923,0.15122498677828972,0.55840503693008225,0.69719663859385528,0.80754183653284728,0.94698313877384344,0.0051376653884090224
t_subj(Addition.Complex.MD).262,0.020435236471521075,0.022132255980290155,8.2426008214272138e-06,0.0032364887808836468,0.013003341290022242,0.030625658190761015,0.078331072845455027,0.00067509167929380074
t_subj(Addition.Complex.MD).263,0.027856496597136592,0.029849185567637142,5.7975081065125085e-05,0.004631669328340398,0.017330610535173176,0.041372243952290458,0.10816420258495285,0.0008813028177743602
t_subj(Addition.Complex.MD).267,1.6785025172035402,0.22871368015492166,1.1047191758696064,1.5588003181241092,1.7234009880930243,1.8414568187960878,1.993116469188021,0.0052115886368899267
t_subj(Addition.Complex.MD).269,1.2931721695869278,0.26723101085789469,0.60791362478412991,1.173895132847347,1.3539003862002308,1.4800241107202567,1.627031688735161,0.0069758597259197124
t_subj(Addition.Complex.MD).320,1.4283735868071128,0.42168882112765993,0.26782341574924973,1.2274471670304068,1.5235465614309995,1.7348706531285818,1.9768917314098391,0.0098405426378522145
t_subj(Addition.Complex.MD).334,0.7107260135515604,0.21662326664139714,0.15325699183888797,0.60088054188653173,0.74976250463174132,0.86929166088343024,1.0164454195823958,0.0051713664612465376
t_subj(Addition.Complex.MD).339,0.68472306877920253,0.29435621908392318,0.047088719902456111,0.48078807363364334,0.73345641899372538,0.91687334645052943,1.1240826169365015,0.0073562311837586684
t_subj(Addition.Complex.MD).340,0.023107994747405786,0.024986726845557881,1.9738647241668132e-05,0.0035882941505107875,0.014315498089699091,0.034857573294476335,0.089212004381733392,0.00073970961154360218
t_subj(Addition.Complex.MD).346,0.11085685558504693,0.099133981486034542,0.00017096464214904619,0.023615692279607657,0.085912268738724512,0.17921028795839933,0.33721991188452843,0.0032065640170712284
t_subj(Addition.Complex.MD).350,1.5841128545008833,0.21227980883485925,1.0645714080693505,1.4708034669289345,1.6222086753360889,1.7365299157316787,1.8878563141333893,0.0045755413215641094
t_subj(Addition.Complex.MD).471,1.5785973128415824,0.1823739951311128,1.1486384106278167,1.4779705669410541,1.6094979356199226,1.708140871064747,1.8505718565005917,0.0043903969895947668
t_subj(Addition.Complex.TD).6,7.1349662277558909e-05,8.9685653240826306e-05,1.368661677931463e-07,9.2940214462219645e-06,3.7809010536681882e-05,0.0001001069227832955,0.00031629867325519683,2.6560425197284511e-06
t_subj(Addition.Complex.TD).19,1.4247088883201078,0.1910832954306797,0.94636356910858843,1.3267515056652472,1.4597463736546794,1.5608722794682861,1.6923752576786066,0.0042691200586653178
t_subj(Addition.Complex.TD).23,1.3705265224506438,0.15952263210405931,0.97494250991866716,1.2923207925768165,1.4000036693928215,1.4825864201196663,1.5888357746910968,0.003590765744208347
t_subj(Addition.Complex.TD).48,1.1659446727998573,0.17891933345215913,0.7511662218531544,1.0728269143787601,1.1972101602813274,1.2947141082440909,1.4204079684213791,0.0037968971889212229
t_subj(Addition.Complex.TD).62,1.9528922096834953,0.17241497935915759,1.5353928160175483,1.8619375772639533,1.983278256979266,2.074955363887768,2.2011178444687709,0.0043276608883439432
t_subj(Addition.Complex.TD).105,1.2582085038941164,0.16232907402755098,0.86541831764181987,1.1736624701037646,1.2903834487180583,1.3739018598220862,1.4823418765571792,0.0039724985471763187
t_subj(Addition.Complex.TD).203,0.62085023625287694,0.16776573909993664,0.17104250512270006,0.53764974406987776,0.6545642324660651,0.74061933599710117,0.85352455496593094,0.0041134216149332188
t_subj(Addition.Complex.TD).204,0.68190655367833641,0.1560166685342691,0.3032843816023727,0.59865138477778534,0.70724862253398058,0.79522647028640581,0.91245506437920298,0.0040223741540241905
t_subj(Addition.Complex.TD).227,1.310604560677179,0.21274258960492579,0.75318285564008725,1.2058937521064372,1.354151185704856,1.4586215809759697,1.5957925150191563,0.004365164385069906
t_subj(Addition.Complex.TD).238,0.91733193277497427,0.210852828238281,0.36520882616851963,0.82114465392284197,0.95713172346676145,1.0646509544828335,1.2100577361168177,0.004657539168392285
t_subj(Addition.Complex.TD).244,1.2262566591211594,0.17321667282296951,0.79640245996512393,1.1361454531292474,1.2582361423031609,1.3480738866794375,1.4715592012862446,0.004365416929329291
t_subj(Addition.Complex.TD).250,1.6563522684971503,0.21576830210745407,1.1282153400651787,1.5494538203970427,1.6944938325700811,1.8100147885062634,1.9529655918354818,0.0058231863441414429
t_subj(Addition.Complex.TD).274,0.032018644215577673,0.031227718571080126,0.00012813349574611332,0.0072295298694492992,0.022227061740844895,0.049291599506475714,0.11225712282820716,0.00077110544852147095
t_subj(Addition.Complex.TD).286,0.89374368588593267,0.23394599230313082,0.31120903322400906,0.76914371672726811,0.93793060255558203,1.0640885787449108,1.228979535980772,0.0056345042567292709
t_subj(Addition.Complex.TD).317,0.85271628029618207,0.17930355911433743,0.40992158401067957,0.75641754837963238,0.88644092915158645,0.98038427750773005,1.1143751590002549,0.0045148786635528706
t_subj(Addition.Complex.TD).358,0.88370098246253503,0.210356106335605,0.33924541601899749,0.78080330500218231,0.91984157385214704,1.0309367926350206,1.1831608425735451,0.0056954141526884793
t_subj(Addition.Complex.TD).465,0.78210440637282908,0.14223229839560048,0.43325407774252928,0.70903452170212544,0.80774971452066247,0.88354870075044367,0.99422936621122449,0.0039644857432205739
t_subj(Addition.Simple.MD).39,0.78893136430560062,0.16952424796944757,0.34634075370441492,0.70818857302100968,0.82314815448469381,0.90885088743425446,1.0166145507358735,0.004770343778829911
t_subj(Addition.Simple.MD).56,1.4802235118841023,0.22457239068015783,0.90166414241008908,1.3732915794270386,1.5255998688193124,1.6371321501991443,1.7724613030699254,0.0055788181621035339
t_subj(Addition.Simple.MD).95,0.36630427429924273,0.25305168891599256,0.00016589527143248781,0.12983947768287543,0.3703567925505698,0.57900394266944111,0.80938751302774425,0.0091213371024017453
t_subj(Addition.Simple.MD).229,0.16924932314725,0.11585687141912929,1.6747217263138477e-05,0.064495288459985284,0.17128520407243358,0.26349223695792023,0.38375023615325288,0.0039078522387742788
t_subj(Addition.Simple.MD).236,0.91951392063751503,0.14349226584246533,0.57537400978099595,0.85221445035746879,0.94941078253216371,1.0217000348909893,1.103885173405361,0.0031779497699563619
t_subj(Addition.Simple.MD).262,0.019502458764155552,0.02301916211967172,1.3259499934314191e-06,0.0019579868342617171,0.010652659969148383,0.02959979561484051,0.082189774568866544,0.00083634072492938635
t_subj(Addition.Simple.MD).263,0.00045042734276011585,0.00063465675336267817,2.747725820363004e-09,3.5160505023302971e-05,0.00019776685470867042,0.00060127999805941129,0.0022317291390190723,2.0441499376324038e-05
t_subj(Addition.Simple.MD).267,1.5083991352551567,0.13181226580571687,1.1779609431337466,1.4454776986277089,1.536110973631799,1.602211210860216,1.6853062557661451,0.0030746936777059997
t_subj(Addition.Simple.MD).269,1.3845814113102652,0.16668645983378552,0.99217423767080681,1.3023685146961581,1.4127899775895574,1.5028493859341672,1.6139214910644875,0.0041781661444773022
t_subj(Addition.Simple.MD).320,1.4590999603807919,0.18812844100050899,0.99622256885387084,1.3599271805350701,1.4969325330248684,1.593075710608697,1.7267348086911245,0.0050786416807916809
t_subj(Addition.Simple.MD).334,1.0049207406112965,0.14603844006044689,0.66640612188423587,0.92898386820344125,1.026282195833955,1.1080460817922384,1.2175453318956084,0.0041937279052056426
t_subj(Addition.Simple.MD).339,1.1540989795098484,0.17243391597479468,0.7343998345410746,1.0699409406962266,1.1872630337986041,1.2744175625821332,1.3861668306512436,0.0041771079281200758
t_subj(Addition.Simple.MD).340,0.0038037578439554689,0.005327580176666429,9.0877512480083795e-07,0.00027788321877591593,0.0017087223006402579,0.0052214420440289521,0.01885203058895616,0.00016655470067632091
t_subj(Addition.Simple.MD).346,1.6526434352797346,0.1309400104723952,1.3282210461619912,1.5838345343650997,1.6767342271409824,1.7486413730302661,1.8321664200090586,0.0032302180479409559
t_subj(Addition.Simple.MD).350,1.7234105718491757,0.13611364232864079,1.395080842210765,1.6501002702318628,1.7460619640377444,1.8231475339110528,1.924263979677578,0.0036380535094494406
t_subj(Addition.Simple.MD).471,1.3522273095518755,0.1493955967924071,0.9994731347108794,1.2755429403502363,1.3778663102680331,1.4548973224738935,1.5724851541445717,0.0044171156199259379
t_subj(Addition.Simple.TD).6,1.3083145839241119,0.19053930384427151,0.86211632746566824,1.2038041283344578,1.3423246609795503,1.4451724893556015,1.5884386863625828,0.0042695661802075353
t_subj(Addition.Simple.TD).19,1.0721467034260128,0.13988962672802774,0.73938533590441113,1.0000701870254238,1.0965735672028705,1.1723011262701113,1.2674237738431751,0.0036135593870448056
t_subj(Addition.Simple.TD).23,1.1384040411815166,0.11365453793187043,0.85444101680591067,1.0809295101445326,1.1570685394245168,1.220246161143965,1.2993670495823508,0.0028369710623895837
t_subj(Addition.Simple.TD).48,0.87559506710723944,0.14243570281501639,0.54029117260300885,0.80097449020459677,0.89759767432355531,0.97888962456399853,1.0809998933352429,0.0035143766437833756
t_subj(Addition.Simple.TD).62,0.041880608007807449,0.039307159387406344,0.00015125863450734828,0.0098877075550391907,0.029988118936261882,0.063609032852026764,0.13920893411442931,0.0010619278604281678
t_subj(Addition.Simple.TD).105,0.7141648483431976,0.15659067729484125,0.33066871401117404,0.63140102433938328,0.73790763643291946,0.82612473691359334,0.94886305979767571,0.004411670836086427
t_subj(Addition.Simple.TD).203,0.67413080426818661,0.13804202212480227,0.33914827207557341,0.59834527366939205,0.69980440672800481,0.77500809353195566,0.86853157370015033,0.0038331800138510196
t_subj(Addition.Simple.TD).204,0.711792819137817,0.13118579652685783,0.40037426340602145,0.64328869532334876,0.73416456182656642,0.80531811975381107,0.90123556163987073,0.0037712899782097959
t_subj(Addition.Simple.TD).227,0.096233808330053058,0.076618258838667103,0.00085858796079904022,0.02869059976518205,0.08223570401957378,0.15000105938669681,0.26635451018196904,0.0019056792554790519
t_subj(Addition.Simple.TD).238,0.001451803793613024,0.0016620925086653548,5.2541731034112175e-06,0.00026588848309758596,0.00089338731826511808,0.0020611520370205577,0.0060859668539840796,5.1547589271211314e-05
t_subj(Addition.Simple.TD).244,1.2143118371339736,0.13409064279520677,0.90401712245604793,1.1396243502917742,1.234400496869221,1.3096026972353549,1.4138474613387175,0.0041032657901348092
t_subj(Addition.Simple.TD).250,1.3627718965749047,0.1241685636396398,1.0626145935222457,1.2990624635564905,1.3853476735619215,1.4506992170358191,1.5365733717251555,0.0029212128271622214
t_subj(Addition.Simple.TD).274,1.5867569137749824,0.13603291562406128,1.2585462468889517,1.5152130172958675,1.610400607708528,1.6838072326099476,1.7781590680839792,0.0033885409654374095
t_subj(Addition.Simple.TD).286,1.0491519894116217,0.18561508182190328,0.59746967626139225,0.95059357668193889,1.0815764869673454,1.1823364676558878,1.3184600680291596,0.0050368036463141388
t_subj(Addition.Simple.TD).317,0.69886264222527172,0.11907409046251979,0.40755321821623874,0.63690981033962635,0.71738305221223642,0.78247671129744523,0.87788805630772171,0.0035454763706777677
t_subj(Addition.Simple.TD).358,0.6552778656262882,0.17824173715487848,0.20152316255890665,0.56472137717380044,0.69254584125790974,0.78458207525460821,0.90285054980451185,0.0041860809486133884
t_subj(Addition.Simple.TD).465,0.61707342999349046,0.13775144194175429,0.29741947333158902,0.54017624295685407,0.63993461652044004,0.71898724550297666,0.82185929455006368,0.0045037100561301936
t_subj(Subtraction.Complex.MD).39,1.0302766914852293,0.19436143463935043,0.54662524522602163,0.94160915475492757,1.0689586571147047,1.1632565685568261,1.2924541401326901,0.0057161265641026355
t_subj(Subtraction.Complex.MD).56,1.1829603644895934,0.23605606715926683,0.54554541590309735,1.0767600824056027,1.2398746591944954,1.3459083705411294,1.4819828178893917,0.0056934758488641031
t_subj(Subtraction.Complex.MD).95,0.4135806740264531,0.2328681531058765,0.0075936495322889274,0.22253060701287003,0.43784011532559469,0.60418014041881474,0.79415815495552877,0.0065714583673473683
t_subj(Subtraction.Complex.MD).229,0.81834344662573055,0.18535774514574432,0.33871078217275657,0.73312723699160187,0.85956641211136675,0.94745278837277436,1.0602489527931849,0.0041117923542804691
t_subj(Subtraction.Complex.MD).236,0.59198035155673401,0.13529347552037366,0.23830336598069823,0.53022318989930395,0.62469362692249397,0.68706562970735463,0.76437755411778574,0.0036379627862792633
t_subj(Subtraction.Complex.MD).262,0.029764256874414634,0.031223685164976752,1.2055087491725557e-05,0.0046964775802920307,0.018799007224300578,0.046843470271707467,0.1104310492511713,0.00085239418850475306
t_subj(Subtraction.Complex.MD).263,0.14198403816822064,0.12959643632916368,0.00027053276660002606,0.028275836812582396,0.10695465613303008,0.2343410131948869,0.43683624923839576,0.0037099239201668459
t_subj(Subtraction.Complex.MD).267,2.4195286581932414,0.2609831252532317,1.7492176052631228,2.3009012367595396,2.4768031263064922,2.5960196737279584,2.750718729190659,0.0070520601818985437
t_subj(Subtraction.Complex.MD).269,1.3057163377721861,0.36624743328535825,0.27696749933880421,1.1403290982394099,1.4019017941404717,1.5662340312865513,1.753448872889497,0.0098769237354422289
t_subj(Subtraction.Complex.MD).320,0.10125408760893548,0.093239698599418289,9.9740745681545988e-05,0.020222915874218372,0.075488554354676496,0.16446532200831068,0.31569152923902816,0.0029042258263984131
t_subj(Subtraction.Complex.MD).334,2.0720014514596428,0.20888277270004399,1.5603868466735533,1.9717592188412054,2.1114707012039107,2.2185279718796065,2.3574451301259045,0.0056336385104541727
t_subj(Subtraction.Complex.MD).339,1.9150645324999889,0.2361863976341268,1.339909377137608,1.8206244489693444,1.9709489769908259,2.0756843194517147,2.1937516947288453,0.0059270493623539301
t_subj(Subtraction.Complex.MD).340,2.5070378568742795,0.42896407553615812,1.3798254054707286,2.333036918195075,2.6162271963131882,2.7985850197956963,2.9905641132889014,0.010307785561818234
t_subj(Subtraction.Complex.MD).346,2.6558461062813046,0.17142875221716142,2.219415158061008,2.571561271108127,2.6942705801760924,2.7801370104322141,2.8741790276406194,0.0043989766675097061
t_subj(Subtraction.Complex.MD).350,0.52689836563182679,0.12531839759309896,0.18649621884466136,0.47193747311924888,0.55482286145326398,0.61525567682411741,0.68721690683882231,0.0042701125900508887
t_subj(Subtraction.Complex.MD).471,0.0024990239540111114,0.0030994334397706417,3.0210591805470972e-06,0.00030070850967811743,0.0013089018501136992,0.0035273389398968397,0.011239357236400963,9.6169520653247018e-05
t_subj(Subtraction.Complex.TD).6,1.8809667968526551,0.22646638823161683,1.3424460920210857,1.770442269122912,1.9200971333911951,2.0414076573012458,2.2009453968078119,0.0055194277436318977
t_subj(Subtraction.Complex.TD).19,0.0025040892603854499,0.0035921488122019722,2.7093773322048519e-08,0.00018103512829009075,0.0010685006219771985,0.0032393619824012962,0.013475283001917839,0.00013348405349361574
t_subj(Subtraction.Complex.TD).23,1.2657705558863332,0.2155444653921931,0.72629871374490373,1.1668294557869825,1.3114229964223023,1.414522105393877,1.5511795390587213,0.0048164266131924729
t_subj(Subtraction.Complex.TD).48,1.308597187869369,0.1965520481695241,0.82138466259694876,1.2142845230789119,1.3477899812629817,1.4474300720832263,1.5692252527617396,0.0047385220192464224
t_subj(Subtraction.Complex.TD).62,1.3703516021970201,0.22504256157038324,0.82531263864587767,1.2572726881297125,1.4101736273321024,1.5294409207680721,1.6844220040317777,0.0051371016201586916
t_subj(Subtraction.Complex.TD).105,1.004856984555861,0.19056458191259953,0.55604987665931582,0.9072633960191433,1.0393191625897085,1.1414709355159107,1.2723858303805182,0.0045798371540321106
t_subj(Subtraction.Complex.TD).203,1.1556423436220091,0.15557373832087798,0.78459901257477083,1.0707776469810986,1.1798345898327778,1.2666484844909944,1.3923609675685078,0.0036886372539319547
t_subj(Subtraction.Complex.TD).204,1.1572068416891632,0.16300886616642127,0.75090492545688914,1.0696158879360496,1.1855045857243591,1.2743773840308312,1.3890556599472073,0.0041542794515005213
t_subj(Subtraction.Complex.TD).227,0.0096750735442968586,0.012806266215968086,5.4268874303935828e-07,0.00077131444352070144,0.0044733705958659806,0.013959411370638644,0.044680441981364713,0.00045213072635146923
t_subj(Subtraction.Complex.TD).238,0.026892695836728327,0.033833962691381197,1.089864915227847e-06,0.0014854363185063516,0.012398588824232792,0.041176524374552055,0.11983775905897806,0.0011521606148274465
t_subj(Subtraction.Complex.TD).244,1.1468904675272475,0.22717379379561459,0.59453682045837108,1.0325196949142508,1.1882395547077591,1.3079420676547835,1.4645706879275977,0.0065474767052694479
t_subj(Subtraction.Complex.TD).250,1.873393091850442,0.16376318414967686,1.4925724617075846,1.7817755768100467,1.9003187874218221,1.9893145837553776,2.1127091253694403,0.0042123508845593382
t_subj(Subtraction.Complex.TD).274,0.00029403482469548533,0.00044444353260716425,6.838200786246759e-08,1.7095573839255693e-05,0.00011423487132027413,0.00038367993566683118,0.001618968783092551,1.5504056649813149e-05
t_subj(Subtraction.Complex.TD).286,0.27391283703358299,0.2114466265739772,5.3766259291645243e-05,0.071005928012990022,0.26355498603381333,0.44428209962892162,0.67799473389538556,0.0074721767805558132
t_subj(Subtraction.Complex.TD).317,1.2260717380259381,0.15474004265588673,0.85207359721860332,1.1458570853900409,1.2512658161620167,1.3359348684445536,1.4545339696296509,0.0043462640678837514
t_subj(Subtraction.Complex.TD).358,0.88780675364521577,0.17675416824894435,0.44002532634124547,0.80311917898691787,0.92575305003451169,1.0147390142424932,1.1230250503896024,0.0044003605885970165
t_subj(Subtraction.Complex.TD).465,0.88411973950364753,0.19727198282773745,0.40287183327117554,0.78124972880091192,0.91583895336836718,1.0247690801303135,1.1632265396566637,0.0057486410955640884
t_subj(Subtraction.Simple.MD).39,1.0757436716048392,0.13669650717790902,0.75204725628507441,1.0028213243112039,1.0992733184402921,1.1729085514239248,1.2753087260218592,0.0037992166689227946
t_subj(Subtraction.Simple.MD).56,1.6851749371562577,0.23893476918142528,1.0803301771902041,1.5873472946391105,1.7411156828746532,1.8456308317310552,1.9795581431573837,0.0066809340270009079
t_subj(Subtraction.Simple.MD).95,1.4186001709318343,0.37778882924356649,0.35874464363628999,1.2604368800344827,1.5182280066080991,1.6880121376988282,1.8761913233283871,0.0089577042458375035
t_subj(Subtraction.Simple.MD).229,0.60088415268487794,0.17641169073265051,0.13291488107069283,0.5153401654205122,0.63757977791538145,0.72757541288419614,0.84148203668320509,0.0050915634108316503
t_subj(Subtraction.Simple.MD).236,0.93928766286512044,0.11295145264095043,0.66681491654285618,0.88151964390557636,0.96171694305297495,1.0188016566153877,1.099740522983613,0.0029794484497985643
t_subj(Subtraction.Simple.MD).262,0.036237529111130824,0.035815593199306613,5.5741904577019267e-05,0.0065736607086572729,0.02541248376451187,0.055431395022257107,0.12773457488441017,0.0010599504534574862
t_subj(Subtraction.Simple.MD).263,0.10907664729180118,0.09232480924976591,0.0001945766522488578,0.027716174747993053,0.087857159829412959,0.1721683597816949,0.31482020325329135,0.0026466694627122105
t_subj(Subtraction.Simple.MD).267,3.0683890053564662,0.13831813517700317,2.7176651801629341,3.0025901746484012,3.0960479712540083,3.1652006945139926,3.2567043138205038,0.0031314699051722349
t_subj(Subtraction.Simple.MD).269,1.4047827222532092,0.24096662908838351,0.78242887560920205,1.2914363013703112,1.45636902245768,1.5777044441546388,1.7161790029822397,0.0058431272303524403
t_subj(Subtraction.Simple.MD).320,1.4037189861537631,0.19665256755825203,0.91021172537923478,1.3088777425903235,1.4368728342336405,1.5452274962848773,1.6734865559625083,0.0044812371676852588
t_subj(Subtraction.Simple.MD).334,1.1666589923057442,0.1398051797372758,0.82730788979434144,1.0942461809774691,1.189070805406188,1.2682123499591365,1.3616367333552137,0.0034538318289581761
t_subj(Subtraction.Simple.MD).339,1.3641708115298843,0.19578551105480255,0.89744124528617264,1.268169466321154,1.39631787657297,1.5049287541011156,1.6375936643018187,0.0051694945200573394
t_subj(Subtraction.Simple.MD).340,0.0028331104719995365,0.0035548330821552998,2.6015912390980694e-06,0.00036353587567562111,0.0015434685878201251,0.0039820545653411667,0.012941719771759685,0.00010095916325185962
t_subj(Subtraction.Simple.MD).346,1.900128815883904,0.15503712196716801,1.5293834316616801,1.8176001197243719,1.92895769054458,2.0119743846722002,2.1202998866314293,0.0038053038098674044
t_subj(Subtraction.Simple.MD).350,0.14662446865442971,0.094933553308901797,0.0012774547304808953,0.065154189879597257,0.1432896266499124,0.22195021299965365,0.32491630308187214,0.0025923562735602869
t_subj(Subtraction.Simple.MD).471,1.6711276354188218,0.14690933152897587,1.3166541250981216,1.5944986497559273,1.6946092240698425,1.7745409383299302,1.8796435495303496,0.0040192008820168577
t_subj(Subtraction.Simple.TD).6,1.8388154671857115,0.15473145572243088,1.4524274575195806,1.7582317496604265,1.8668784120849351,1.9485699377047052,2.061817537761117,0.0034606606253730588
t_subj(Subtraction.Simple.TD).19,1.1795114396838371,0.15189831523695174,0.79674789960790415,1.0997297981657463,1.2063089936737292,1.285930587142575,1.3990338654408894,0.0038248701708915199
t_subj(Subtraction.Simple.TD).23,0.85859193200568429,0.17048896379044604,0.42088908166411798,0.77330797645037386,0.8924652997074336,0.98009670786568537,1.0898833446977885,0.0044332416373838533
t_subj(Subtraction.Simple.TD).48,1.1838940853316158,0.17296743742554369,0.75548601658097381,1.0915034284929466,1.2133656653375335,1.3093977027034733,1.4334413930271066,0.0040113302662983918
t_subj(Subtraction.Simple.TD).62,1.974448811095908,0.1603675237185522,1.5850662075821351,1.8859327890054143,1.9999586231967958,2.0898410557734657,2.2166146301448508,0.0035771062431490261
t_subj(Subtraction.Simple.TD).105,1.0913319647286299,0.16866883249353962,0.69204471190151284,1.0001074275867352,1.1196179881483439,1.212928149575349,1.337975615349738,0.0041061116497448378
t_subj(Subtraction.Simple.TD).203,0.9861997475237464,0.1377087536580717,0.65213948406885858,0.9128182254738072,1.0055857070027325,1.0854580243138165,1.1833581713844188,0.0043057222310652777
t_subj(Subtraction.Simple.TD).204,0.52237766093494908,0.15828333856885785,0.073832017003174377,0.44367120679203909,0.55404463111967062,0.63668809675322713,0.74229284338323287,0.0055644918969231672
t_subj(Subtraction.Simple.TD).227,0.0015718753169805073,0.0021941282355917801,1.7611405487161919e-07,0.00011719388335198116,0.00066007052891546483,0.0021615955942016285,0.0079184995813199616,7.7110125292850122e-05
t_subj(Subtraction.Simple.TD).238,0.002032205100300704,0.0029690204026379652,2.4066572397600085e-07,0.00013612164039460508,0.00082119888264332451,0.0026411841337157481,0.010930962212952304,0.00010052351227076683
t_subj(Subtraction.Simple.TD).244,1.4034226264759613,0.16472689347925268,0.99473378390777878,1.3181520967757336,1.431594948207102,1.5213355524544663,1.6392892259888401,0.0042387157005552793
t_subj(Subtraction.Simple.TD).250,1.3766009662010266,0.13634118292110617,1.0464566419578463,1.3035562904269042,1.3972428057838757,1.4738541022884821,1.5766744518615117,0.0036953705362779607
t_subj(Subtraction.Simple.TD).274,0.0094178447683059899,0.012530604266249275,1.0884829962170026e-06,0.00056784786584189884,0.0040394926814419675,0.013637303565783758,0.044482890997349117,0.00044977047748463364
t_subj(Subtraction.Simple.TD).286,0.63977037327923147,0.23340925554253941,0.024379422111327948,0.51842411899728857,0.6921642422169918,0.81454712178158017,0.9567342277476969,0.0064513901622832619
t_subj(Subtraction.Simple.TD).317,1.2158475455542372,0.11800219118479724,0.93134694038976162,1.1534811606355206,1.2342061674111451,1.3006675012492532,1.3897195356682381,0.0034467609894557583
t_subj(Subtraction.Simple.TD).358,0.0027884088261781056,0.0042132880024096453,1.7860691288936517e-07,0.00011764809473941779,0.00096794388498501146,0.003676205376216702,0.015311318678796131,0.0001308900922924408
t_subj(Subtraction.Simple.TD).465,0.82932714462779433,0.13699090114134657,0.49280704232317363,0.75604448826629289,0.85311614551022963,0.92776786849297377,1.0232226161636659,0.0035229143660792097
