,a,v,t,2bk_a,2bk_v,2bk_t,0bk_a,0bk_v,0bk_t
100307,1.53007220734,1.91572249882,0.370894107527,1.48408406698,1.46154368787,0.446234723144,1.40021958056,3.12054474394,0.406053883045
100408,1.61067032704,2.25842998326,0.549985461593,1.56766337551,2.32038728248,0.69094214096,1.37885626069,2.63811846342,0.517226328858
101006,1.28368626272,1.43042056702,0.337381348839,1.10203438313,1.25794111539,0.370275156273,1.49760320691,1.67755091093,0.308886241103
101107,1.52382633898,1.9322667576,0.365831030592,1.37381921655,1.82870176346,0.461014416568,1.71374305933,2.13775433031,0.283393004074
101309,2.37756096463,2.13197654135,0.348174463784,2.02499897175,2.15775312157,0.613918073533,1.97977173529,2.20704628447,0.288876186766
101410,1.60114196243,1.68294082848,0.437665899346,1.68062984657,1.75198541497,0.572617255128,1.25092173713,1.98646052429,0.427189446506
101915,1.44860895737,1.60896145099,0.555427274636,1.31759510205,1.15348467171,0.748199162901,1.43665813109,3.04139708531,0.544745684521
102008,1.66477806105,2.20063066173,0.382341778788,1.73634267576,2.10993008308,0.422001653331,1.49381536691,2.45248624916,0.381137877819
102311,1.39526809838,0.927363739266,0.545746071985,1.40364059001,1.23578718636,0.655872275766,1.36833701069,0.682806377433,0.441375851066
102816,1.79627901902,1.79934242809,0.562827078459,1.6399066405,1.77922978054,0.825419049488,1.46897504004,2.49395772309,0.540372381713
103111,1.86403357472,2.34408216232,0.382399248349,1.70170467059,2.15287747013,0.524339357141,1.51504144385,2.88404510002,0.387482366819
103414,1.72202612538,2.12747158254,0.481613440232,1.62069895215,1.816771076,0.587249743574,1.51015010589,2.89338644908,0.495183296626
103515,1.39581508633,0.408753898746,0.530591015141,1.39227459726,0.219340100115,0.683966295402,1.32744064982,0.610897531521,0.474424173934
103818,1.61283656957,1.2718403733,0.59975515192,1.52487836537,1.13753404519,0.812850111036,1.48722183043,1.67083793348,0.530778066553
104820,1.36740733848,1.19916225091,0.422550996624,1.34291377456,0.920954606751,0.497679058202,1.37194429616,1.60154066275,0.386149429971
105014,1.68695165016,2.17170518537,0.390744278063,1.62959254045,1.80685595084,0.463437173803,1.40480217699,3.11036523437,0.435444728657
105115,1.71312850316,1.70318264316,0.457404973141,1.86408839636,1.95140217966,0.578444750314,1.51358436663,1.64173646648,0.389031318454
105216,1.48351339252,2.46951706981,0.333640351939,1.36926395999,2.67557005308,0.417116601987,1.54776475402,2.36700159803,0.267170260844
106016,1.69660902287,2.15934348854,0.399994802872,1.4628716852,2.01278007426,0.551496403848,1.7897020875,2.44143865227,0.315762030079
106319,2.11463524977,2.39705840654,0.688473982443,1.87662975027,2.32834838723,0.808978988576,1.88318343982,2.32024547374,0.650529827469
106521,1.65274151097,2.21665736705,0.607326798465,1.43726189979,2.04864470393,0.7966895032,1.4454941043,3.02280572399,0.585004369636
107321,1.53677733849,2.37552841903,0.460151389111,1.71368614588,2.12266765911,0.433247890103,1.18535772237,3.09068020312,0.537337738939
107422,1.61313091727,2.70867528834,0.399850306846,1.53483391987,2.38694336808,0.454312752261,1.35933419057,3.21440296491,0.416191834663
108121,1.39234869254,1.80436526959,0.443330123678,1.36817913033,1.4222627037,0.507888482737,1.3671442063,2.67971851781,0.44158661745
108323,1.1518731837,1.49303412384,0.529589743329,1.46579508278,2.49936821945,0.525556740987,1.11376377241,0.838875586116,0.500453862853
108525,1.38301963676,1.15044554067,0.420010602328,1.22864285956,0.959314569873,0.501862356733,1.58763953256,1.40686357054,0.341032827616
108828,1.29634767143,1.26681118919,0.682204619968,1.291731923,1.4370613262,0.705065014367,1.30514219861,1.1150411305,0.658666360223
109123,2.21941582046,2.27241108693,0.366036727264,2.0195274531,2.13787047405,0.534265207674,1.72579634021,2.5318444307,0.377077444253
109325,1.2705713175,1.29055586203,0.551129247631,1.45020218812,1.73238300463,0.624388682334,1.04055391572,1.05579564122,0.517675728143
110411,1.5752806055,2.06007305737,0.396014430254,1.46638137012,1.71326891842,0.477460079861,1.6361924539,2.67049749683,0.366312649714
111312,1.63197056001,1.98851205574,0.420231743477,1.57309961155,1.59704166572,0.507128145333,1.40373345888,3.11273327911,0.463454610162
111413,1.78398030959,1.80432250713,0.39429165768,1.69717089619,1.71919677543,0.598057930037,1.45662063984,2.49727764404,0.388551118194
111716,1.80836169854,1.77257282497,0.416166012449,1.63264019022,1.50476252363,0.616194062514,1.72429880557,2.5191720877,0.385668251382
112819,1.88230187943,1.93252006996,0.429678176516,1.98727416619,2.17256792595,0.645758583734,1.32147262326,2.22814981358,0.425455795894
113215,1.69541098763,2.15325857147,0.302832880435,1.79043738888,2.04618249645,0.378189081511,1.27466070144,2.85376818759,0.344386543102
113619,1.66371109798,1.9505749148,0.562544133324,1.78966947261,2.04706047803,0.647442968513,1.43184582366,2.05639387322,0.535222277391
113821,1.61046733629,2.27484380688,0.429802413846,1.55541772839,2.35535546449,0.532783440984,1.5620042861,2.34542355532,0.3693519886
113922,1.96540342351,2.22318115467,0.399645851035,1.84486239302,1.98581837864,0.450023813526,1.82359174095,2.3960669235,0.400424898407
114419,1.11183372051,1.72410907929,0.658474318122,1.02583948139,1.48154343961,0.685197855115,1.23435134877,2.01312750398,0.630923251456
114924,1.48262416022,1.44907554512,0.456487248523,1.33328768631,1.12809666828,0.489610330256,1.84512644085,1.89499618241,0.399280866992
115320,1.54861697691,1.40063923663,0.513303513281,1.61311904213,1.5404360031,0.62318308296,1.40104255212,1.36821155738,0.451842527694
116524,1.44021406135,0.749833087065,0.605169761426,1.43684642869,0.764599658481,0.651900188638,1.43389386974,0.739853892307,0.56313183051
117122,2.1907626874,1.98867218789,0.339711080157,1.97829019965,1.83875255529,0.579248550184,1.61253306682,2.70967953611,0.384088250768
117324,1.19796852058,0.757580050158,0.765971733985,1.12385097127,1.10046853076,0.751802039965,1.22974800422,0.503387040501,0.818250214845
118528,2.0693437939,2.11151373945,0.362160121996,2.14880077573,2.03343553382,0.4723421006,1.44454667863,2.53613240771,0.418010534357
118730,1.59673605799,1.46833866522,0.466429353786,1.6107479476,1.36410204999,0.577091902516,1.42198146774,1.76676397053,0.442154608741
118932,1.96577726864,1.85710675341,0.494994404446,1.56464537966,1.8648128004,0.818860764691,2.03443364033,2.14774655995,0.352620003163
119833,1.34046718484,1.11011822763,0.393345664425,1.21916429253,0.844528849386,0.501879765289,1.48366949143,1.44241434892,0.311708405787
120111,1.35776653994,2.38046892197,0.471628928029,1.21054801132,2.05271218204,0.588831755689,1.33500867113,3.27297338733,0.443454286895
120212,1.74078753754,2.08962097975,0.34946030201,1.74152971565,2.0734173412,0.444083387323,1.62289702668,2.25742088741,0.310822375161
120515,1.34391261142,0.440542828944,0.619323848789,1.43188613435,0.346701371293,0.651003728167,1.17195980801,0.591442791655,0.636620514824
121315,1.06582132017,0.876609633993,0.706668885214,0.965616275147,1.00391903299,0.703481029388,1.11854796751,0.802774328222,0.733921798959
122317,1.82859442786,1.98927991046,0.605997178803,1.5925604284,1.81492124654,0.799081225222,1.82988676804,2.38782416965,0.533808924594
122620,1.6576494779,1.63366878052,0.48541125119,1.54122163705,1.42563828882,0.651653410782,1.67703426192,2.18454788272,0.42183906135
123117,1.50742846205,1.29088059436,0.433835837905,1.35506124755,1.62149466034,0.517280943199,1.607938392,1.07877333113,0.371433970832
123420,1.34122765939,1.63821895705,0.366918431778,1.21259578519,1.14324524137,0.48548916215,1.69692978302,2.57491376261,0.285700834925
123925,1.37983227757,2.35187506913,0.399991434491,1.27850628513,2.30303050788,0.45300241256,1.4912406897,2.45672054915,0.352339478678
124220,1.73226642138,1.85043868828,0.576133527048,1.58386157713,1.82488911886,0.749580176339,1.75419967529,2.07364430114,0.483163330299
124422,1.55100819217,1.30385070695,0.362377261211,1.47697187821,0.871955862737,0.504033903421,1.71708762931,2.13359037919,0.311956537083
124826,2.01098017341,2.51431907295,0.439359102755,1.85102293147,2.34670535303,0.5535197853,1.60380626578,2.72442373228,0.446219841479
125525,1.24211928376,1.01530604561,0.596886318524,1.37346486408,1.0595736889,0.518113695348,1.08535347661,1.01221612345,0.687902996402
126325,1.43074542572,1.8833729134,0.350028346261,1.42409670849,2.06758358586,0.423894046474,1.40870352749,1.76396708129,0.288964242546
126628,1.32183974312,1.87988495785,0.54195821318,1.42989015198,1.73783045246,0.563808181755,1.06199292089,2.3398523671,0.574949552921
127630,1.41892723239,1.77056692311,0.439568386297,1.32508538,1.65817585078,0.52054550507,1.5058532539,1.95532929356,0.376732008153
127933,1.579184873,1.86453089154,0.557314936626,1.71523670021,2.54743141395,0.714906465446,1.44797694809,1.51744444567,0.440422818742
128127,1.65534917272,1.63593895822,0.321082449652,1.86458932211,1.57913538614,0.356102683022,1.18355326638,2.12268065608,0.399787461931
128329,1.66671167399,1.38151374886,0.403914031566,1.54432201422,0.96357951368,0.649692914383,1.49802906392,2.89968033763,0.440416534552
128632,1.553455255,1.59059644612,0.594693293122,1.37751197751,1.55357354305,0.866673903669,1.32745207834,2.19802340115,0.543167971062
129028,1.8352905548,2.76190829238,0.536365179053,1.55427471387,2.81124553689,0.690197165071,1.5759322804,2.77261142932,0.492108526391
130013,1.66464634432,1.76085074311,0.302717496879,1.63977142342,1.32277808321,0.343550294149,1.6034094858,2.72509791864,0.345586821092
130316,1.65685026136,1.76913618615,0.309647282003,1.50457132895,1.65157118308,0.545496156232,1.40031872849,2.61623412698,0.291247167412
130922,2.19990896227,1.65945877938,0.259436477593,1.85883768555,1.56967483216,0.630836202872,2.02173088828,2.16124108198,0.179693594593
131217,1.50198006961,2.43915463345,0.464235769824,1.2453717089,2.36430533801,0.648414841363,1.3897919056,3.14395834,0.418949830879
131722,2.13432576854,2.04722630297,0.333404829135,1.98071868576,1.84961230106,0.380022801549,2.04571631191,2.13590116431,0.328858871708
131924,1.63360568332,3.10289334445,0.418438891846,1.57073113097,2.78179235536,0.45873451339,1.25112055044,3.49242752901,0.448133933501
132118,1.65988162769,1.36260505613,0.728025083363,1.60348062764,0.725391245616,0.611433339841,2.03466952479,2.0362691218,0.754099252161
133019,1.47579492337,1.56984530256,0.393491312882,1.45494134083,1.15054565198,0.467603938561,1.48260712252,2.4710266061,0.39484785336
133625,1.96196709126,2.21400524056,0.509358021928,1.68663275193,2.15671500245,0.71782280381,1.75013023717,2.48198981402,0.453628040115
133827,1.38935779677,1.47641642022,0.436903756887,1.35513616118,0.999564251629,0.557395660958,1.31892303364,2.77769176267,0.449918715676
133928,1.51352507024,1.54906538265,0.377059905961,1.48832042467,1.47631151257,0.521079572323,1.33376876229,1.88361408289,0.338818401537
134324,1.43050701257,1.3502355421,0.551788401027,1.95814352162,2.23142369505,0.602078625466,1.29071865251,0.824897614151,0.452509900301
135225,2.16415452513,2.00716047371,0.306325189178,2.18425377943,1.98869081183,0.438066325357,1.71880552611,2.1163453948,0.301087964568
135528,1.61962004878,1.80980332679,0.389014675591,1.55060553527,1.60253951974,0.49266163692,1.62341441082,2.25670144463,0.347117428004
135932,2.16640691761,2.00507364823,0.301620825811,2.07340293702,1.74154181427,0.458863264285,1.35698081936,3.21997760773,0.442355046641
136227,1.2243937166,1.25395117556,0.623916006544,1.97713175898,2.1970237452,0.534631789076,0.925642203639,0.668767268792,0.680538526109
136833,1.38423305719,1.56697146417,0.311912619073,1.41604284648,1.2038817162,0.385752248978,1.07056059672,2.72546060543,0.370878779061
137027,2.04234228906,2.48190728331,0.494809447503,1.82399177897,2.39554141792,0.628262098344,1.73080866834,2.52451234639,0.468544419974
137128,1.48861140724,1.97797690172,0.460017397646,1.34797021355,1.63002457714,0.60729808446,1.45774049577,2.99741131233,0.436137587683
137633,2.17525939622,2.33025275562,0.368853560274,1.98256453727,2.20393725921,0.544491549068,1.57108104736,2.78117278534,0.401111856327
138231,1.81105851269,1.61849754267,0.376396066255,1.6221045873,1.33718486302,0.645652156793,1.52761109222,2.86031430037,0.401390357928
138534,1.57680823994,2.0242456068,0.480076212051,1.28256707896,1.86960612987,0.669920392713,1.83858158827,2.3765319311,0.365175207669
139233,1.47454819738,1.59001197537,0.44155089022,1.45026449246,1.19605841859,0.54796516507,1.31739211202,2.7809196766,0.469826618591
139637,1.77865487726,2.45660240686,0.425174409794,1.57833199148,2.32116035531,0.57667834135,1.50736987699,2.89872307996,0.406144302917
140117,1.48393218145,2.17807868313,0.607102208926,1.42965267618,2.05954846812,0.678523499049,1.48275814444,2.45325657011,0.566163947828
140420,1.42535033556,1.5317205047,0.434998129251,1.62282254629,1.79796043551,0.475829145919,1.24734795052,1.39063126264,0.410709213178
994273,1.73887739715,1.67013792047,0.322356460994,1.73413819599,1.41668973009,0.449570324552,1.3649917473,2.66491439741,0.383660890701
140824,1.60994845799,1.55203724661,0.364948671175,1.60469377037,1.54852389638,0.558243401494,1.23631493104,2.03209195399,0.359594214653
140925,1.48009822988,1.08738587746,0.519499097906,1.37830132583,1.00579919292,0.604822258498,1.57231335317,1.18061580195,0.449926232901
141422,1.53972066256,1.91232023494,0.386744518438,1.48010214003,1.48450874971,0.445104025027,1.57526204593,2.7737911059,0.386844166928
141826,1.2002477599,0.690923476462,0.62100028393,1.08934001659,0.977390640916,0.650647654562,1.27962122582,0.483767536765,0.609347992664
142424,1.10436681671,1.2713112319,0.814597142252,1.11212914709,0.431220673891,0.774156654863,1.41537624649,2.53184900294,0.813288980137
142626,1.65722886513,1.95820456756,0.318222533426,1.71205269022,2.13986500944,0.344759204,1.62545556532,1.81145461124,0.290284670739
142828,1.94545978177,1.88313409532,0.432855949655,1.72581858952,2.12279649112,0.764212962355,1.60659599508,2.2803253944,0.362109493375
143325,1.72584948077,1.68274528711,0.473169652208,1.64030012295,1.30467963365,0.562660806992,1.8084056275,2.40200835244,0.455857069488
144226,1.29601492963,0.973083866035,0.649582689176,1.43558968817,1.46992780579,0.714959833451,1.1877337935,0.615363065817,0.590522670597
144832,1.34955230591,2.38514343666,0.460187489666,1.31358708701,2.22122367137,0.487772348513,1.38702597273,2.6225797002,0.439490166415
145531,1.26964293828,0.948276691048,0.431128264115,1.17151597022,0.591666864287,0.663918688494,1.12607726334,1.70230114272,0.390938940669
145834,1.85067666353,1.57659670627,0.415924323462,1.79092082034,1.37177241167,0.593950851977,1.62829315069,2.24993984934,0.418496444049
146331,1.33680022432,1.54507402238,0.379523185617,1.09469682941,1.41646286968,0.467282081161,1.64471805548,1.79023934793,0.298183937222
146432,1.51383413194,1.64146559874,0.382763689464,1.36120214368,1.25238422533,0.604375389621,1.31231113292,3.31004234658,0.404081861207
147030,1.21038733295,1.35472605941,0.429996111038,1.51794881892,2.41349484282,0.466739622129,1.18422444926,0.715487558898,0.353224132525
147737,1.95072002385,1.87144141479,0.461999965007,1.86059156804,1.95506967903,0.733643217285,1.429030085,2.56367006167,0.469586490363
148032,1.83724912429,1.97990904534,0.365530906809,1.67899010772,2.16653221659,0.614598164331,1.62778292044,2.23468750903,0.283679693257
148335,1.35014938561,1.21449024783,0.395204074702,1.32531476479,1.16998425854,0.466639935419,1.34450594043,1.29014012005,0.343162950343
148840,2.28936944518,2.21410494182,0.373040859449,1.75138813504,2.49484838058,0.769624106644,1.68489886289,2.59329978119,0.338565235427
148941,1.40258567758,1.47260544059,0.580840427036,1.38298654125,1.40703476933,0.72998071264,1.17527300117,1.86954399119,0.553932275574
149337,1.61607789531,2.70373591839,0.310079698975,1.5080313085,2.42936709966,0.386322908428,1.36845373777,3.19298178072,0.314816394054
149539,1.55154487694,2.36123472841,0.494343557272,1.55120939637,2.36174539343,0.613299030028,1.21792589395,3.00803330017,0.495317755951
149741,2.07150287254,1.76232352351,0.350921816103,1.97917835592,1.83792741511,0.636184933383,1.65745305484,2.21035620613,0.320689294122
150423,1.68921116457,1.74308519913,0.536605647582,1.58377943411,1.38732990846,0.682220070085,1.58460621076,2.75743451136,0.542999909558
150524,2.07393860992,2.10683567564,0.52722596505,1.94470525695,2.24684323594,0.717255203141,1.7996624911,2.03569372826,0.451715537143
150625,1.68542302667,1.90983259035,0.406253330974,1.57035647337,1.56444464329,0.492584837457,1.77357427203,2.46363962387,0.373648728865
150726,1.37720448981,2.66014355401,0.546558257314,1.2587822738,2.33911697078,0.634729838598,1.25383870474,3.48485641412,0.536874267252
151223,1.61973455811,1.81785278608,0.501529978751,1.44485763426,1.7387911199,0.640465634377,1.79938033307,2.03601294224,0.396231817285
151526,1.6236843101,1.66784280926,0.548310098436,1.46775850457,1.49699325229,0.695311591046,1.80465868582,2.0300579134,0.447406360641
151627,1.76670961262,1.83685712129,0.3892532642,1.49914556321,1.96407810651,0.71483886704,1.4822830737,2.47156680875,0.330741652894
151728,2.0893945865,2.06638235852,0.382949520189,2.03102989904,2.11245508654,0.503940950412,1.8503628838,1.96587717554,0.334803675554
152831,1.86785352323,1.94746863953,0.438230821826,1.60509457031,1.8178185797,0.682521466083,1.73313234761,2.50633220702,0.380294166885
153025,1.63489553743,1.9266570134,0.320875312923,1.41498690502,1.65045691061,0.514917078466,1.71759078995,2.52901066266,0.254103867764
153429,1.73520844746,2.11130925019,0.520909610861,1.5250591028,2.40224240451,0.7629855989,1.61093612957,2.27418181199,0.421580971054
153833,1.51301124024,1.78984142952,0.464927004357,1.46969286385,1.49502296118,0.504054957255,1.60797939111,2.27836355764,0.441814963767
154431,1.52176384698,1.52242395072,0.5014707675,1.49867240203,1.65807193515,0.61604022234,1.48472624723,1.46091153465,0.418256821478
154734,1.77772662716,1.82547366035,0.475649083897,1.49977102394,1.67512612517,0.785922167803,1.35282675008,3.22986506012,0.499510961638
154835,1.8312644576,2.00056394418,0.385928062779,1.76508784233,1.66815435954,0.448798668808,1.66423589588,2.62549790164,0.412711232084
154936,1.29189441477,1.4100319744,0.667922118997,1.18719536589,0.786988615542,0.7411108356,1.81571875548,2.40645630789,0.580621633288
155231,1.29128352374,1.67976564441,0.541736888999,1.15106315522,1.29278489081,0.695506413608,1.44068192177,2.54293580753,0.475276794883
155635,2.07604629786,2.42934135049,0.260025521256,2.00433280508,2.15407745789,0.365554249882,1.27203140518,3.43501570377,0.371422350784
156233,1.50807547378,0.806587830302,0.680899492105,1.41453026517,1.06330520725,0.803236653089,1.57648643886,0.63004143171,0.575430707844
156637,2.08738074129,2.08098375918,0.318725511576,2.15175520949,2.01872657386,0.469485929569,1.23327993528,2.94952188522,0.422920027054
157336,1.71889114728,1.88795732546,0.453929763947,1.59378230659,1.57631667361,0.615696393478,1.46217784799,2.98831490197,0.478867005895
157437,1.29275776066,1.26840720808,0.465334195378,1.12832833946,0.859147575473,0.686435960497,1.38373432687,2.12789328268,0.384951280295
158035,1.56856821015,1.72644720425,0.392961541953,1.46829777096,1.32528305058,0.528532780476,1.56493838577,2.79208938332,0.382861088802
158136,1.17050163541,1.70220194864,0.497212065937,1.01841915722,1.07874275624,0.547535626029,1.68651434009,2.57561131773,0.422173593057
158540,1.94539552362,2.23949771334,0.653722521831,1.76649727309,2.05920847721,0.702438358387,1.91962155915,2.27620273988,0.635244878024
159138,1.48874120563,1.34843318265,0.6654331764,1.64553950439,1.73936929092,0.660681911085,1.43309375554,1.06052081232,0.65813740446
159340,1.63289230688,1.6248725978,0.342139345192,1.47024654237,1.26257599449,0.505902820233,1.87072888833,2.32198553673,0.261037851154
159441,1.66799153921,1.71595647438,0.584590698793,1.71849162406,1.63129126826,0.74256092425,1.16195103178,2.51109612391,0.640068961195
160123,1.49458656536,1.20889441165,0.425280523875,1.4168343099,1.35296173927,0.591917605137,1.48351198653,1.14912997517,0.30663499779
160830,1.77714653985,1.81871386469,0.393916008469,1.49635160197,1.66064355898,0.624612554088,1.95873148507,2.23075387606,0.272921681694
161327,1.41643721576,0.967600956047,0.652895680705,1.45048833367,1.06901750012,0.577480746253,1.35282065254,0.88997222364,0.755983544138
161630,1.52747844524,2.85222278603,0.414701456602,1.43937093359,2.52720551376,0.465512862742,1.33311335201,3.27762665183,0.420418490804
161731,1.75788436077,2.88352539869,0.514670055316,1.4473275311,3.01897653335,0.687237626414,1.44747811488,3.01866246373,0.476638991777
162026,1.65960995332,2.20748353479,0.330851410389,1.55139960546,1.89792427998,0.431740340834,1.49695577796,2.91888906593,0.331910037023
162228,2.11747460191,2.06351842356,0.325740357473,1.9447552939,1.8838162609,0.500377950707,1.71239093332,2.5516649075,0.33819474637
162329,1.48714827535,1.26891829168,0.722641726073,1.72291755077,1.69350572277,0.736894382858,1.37558405348,0.936223624466,0.687728966072
162733,1.59067221898,1.544463871,0.528092879077,1.38340465647,1.5469560215,0.824467155777,1.41165552087,2.04750501462,0.449561145427
163129,1.36460396854,1.42598892713,0.379199876533,1.28142580039,1.08183740385,0.495496690681,1.4533838975,2.02591963777,0.320251357525
163331,1.72528253158,2.11597704983,0.745169933228,1.47936898444,1.99033439942,0.966630793345,1.50013977969,2.89560045048,0.715245247609
163432,1.991214437,2.19436328467,0.333479672657,2.07342075718,2.10736187401,0.44537666262,1.275341239,2.87261286163,0.411962502722
163836,1.37768784283,0.519435545677,0.613580352829,1.39927922554,0.365063394383,0.607428001234,1.36377267265,0.671879375684,0.619685435448
164030,1.88468816694,2.68951877087,0.651415739351,1.67958016537,2.60151193885,0.802286743992,1.39338617576,3.1358484306,0.661183739451
164131,1.73469017849,2.10450159145,0.482106364642,1.69053618131,2.15173517132,0.539498473094,1.75857445122,2.08325649425,0.434594338814
164939,1.47934038646,1.35700212096,0.421050289075,1.39468116081,1.15398268626,0.671839778782,1.06912539429,2.34986993799,0.450961157612
165032,1.8106502416,2.41319264874,0.252614731556,1.46589326548,2.49920081659,0.403314292673,1.89654424112,2.3038997761,0.155145513087
165234,1.65591657711,2.20461482888,0.488900207274,1.36568854462,2.13648327328,0.71014228724,1.59682691151,2.73633154663,0.420787135099
166438,1.88421541131,1.94434331878,0.359432742515,1.66343083504,1.7701000349,0.537670387067,1.89976927367,2.29998869495,0.283304533425
167036,1.41777891986,1.54976530301,0.478701080948,1.20475236497,1.15068822559,0.70552974687,1.6342755843,2.24170371346,0.390658127502
167743,1.40609309918,1.08088557908,0.472975924529,1.47360126326,1.32051335567,0.550040310158,1.31305919921,0.891103198816,0.407300304169
168139,1.77586320538,1.82738913862,0.476657753077,1.72284760607,1.70905364397,0.60860484204,1.65255557457,2.21690677307,0.439406481348
168341,1.84165112128,2.37257089684,0.491286047194,1.7534824676,2.0893061173,0.539938648275,1.62943105548,2.68157884788,0.50630113913
169141,1.96110201804,2.22156154377,0.365871901061,1.72843613775,2.11958172253,0.57580989206,1.53163339135,2.83606080043,0.365895496023
169343,1.37248365641,0.48901731595,0.54832197675,1.35043545998,0.756534671823,0.63163344666,1.39918585019,0.254916059857,0.456393224325
169444,1.53975304044,1.91228002273,0.509887174933,1.46517012387,1.71468526627,0.619493196804,1.51577306602,2.4169591928,0.469569787329
170934,1.18392465001,2.12201479542,0.374219803911,1.07007961902,1.81847230288,0.456188476913,1.34582560602,2.72216669808,0.317700836307
171431,1.37608656077,1.91779892694,0.502382744375,1.27854167364,1.6264167094,0.62972823866,1.36497961411,2.66493808562,0.467507315399
171633,2.0539357615,2.46789811894,0.345871050196,1.58229114576,2.76146893964,0.525167894364,2.03543660556,2.14668825378,0.246864580644
172029,1.39332504598,1.46188567639,0.508987818687,1.18012711176,0.991479003401,0.655633281279,1.97888701238,2.20803301307,0.371016940736
172130,1.10124806996,2.12899287277,0.475711431047,1.23863784961,2.9577342944,0.509028558123,1.07647781654,1.61136720955,0.433622818025
172332,1.52933256556,1.08428219862,0.481603617152,1.2758904169,0.509908654792,0.915276334155,1.792377806,2.43779399513,0.403017670537
172534,1.6225698998,1.99197646401,0.456116535826,1.5728609033,1.85507232455,0.558653443991,1.54642493335,2.36905236531,0.421220587847
172938,1.24160283596,1.25494608495,0.924783680843,1.43324459775,1.38217961678,0.8580797747,1.03967838896,1.20495239854,1.00414428212
173132,1.72247909633,2.12691210821,0.384808580123,1.81247451022,2.02130381722,0.464766533931,1.32347576028,2.76813656591,0.421179460364
173334,2.29251690074,2.1942860791,0.465374903431,2.14246154153,2.00258411084,0.610992637552,1.72785886011,2.52882220496,0.508682704049
173435,2.17261847239,2.32725895945,0.31682850149,1.90843415786,2.27610965982,0.537082037418,1.60822488761,2.7169383375,0.32546135397
173536,1.51400026851,2.14345611469,0.494735173565,1.41045978372,1.78119621203,0.619161784844,1.23828172382,3.52863792497,0.52612482788
173940,1.75870109514,2.08310647912,0.458651969593,1.59860195136,1.84188376391,0.575911102464,1.759654852,2.48312778355,0.412760805192
175035,1.15505526563,0.678858390675,0.881496877534,1.19690513279,0.819471172893,0.92067446554,1.08342938313,0.559460370014,0.855575188424
175439,1.50069749093,1.67409197334,0.396519478139,1.43371363602,1.20986577222,0.470184610802,1.68144173763,2.59863173054,0.370738673467
176542,1.71993867685,1.56669956728,0.422914420718,1.7019642172,1.46002285164,0.485592494144,1.70498741763,1.7269564272,0.385645606043
177645,2.0266168539,2.09634851988,0.398290562494,1.91178807872,1.79621750063,0.525735278949,1.63755910321,2.652609859,0.442809281262
177746,2.46943312935,2.0475329926,0.375214384923,2.15098731314,2.01944725351,0.713318034907,1.41020117613,3.09845710416,0.49364906296
178142,1.62955259055,1.98344077409,0.561028285988,1.41962257038,1.76969969089,0.723450708268,1.76120031278,2.4663891951,0.475319779491
178748,1.55030337113,1.40826523119,0.645570476392,1.42822525086,1.2145150454,0.893324572191,1.27890431593,2.28146132259,0.630465023024
178849,1.90676435629,2.29155104461,0.480953689538,1.72455090788,2.12435691483,0.649087762842,1.49270232986,2.92720642626,0.493603802861
178950,1.44990055594,3.0136189924,0.534810341427,1.33034262959,2.75384819268,0.612919261872,1.20989535023,3.61142627058,0.534828381602
992774,1.35505116044,1.5242637031,0.410362469675,1.21277950041,1.14307205939,0.515298987099,1.6960869544,2.1600081509,0.317250091819
179346,1.51058723811,2.88411600255,0.344428914401,1.61602896159,2.68795023177,0.370947813889,1.07088222497,3.42106868589,0.386825640112
179548,1.73825531633,2.10760848059,0.387165650028,1.83481571871,1.99669187961,0.480099028479,1.20285789023,3.04571444049,0.453662494602
180129,1.47825099289,1.13240338862,0.367427907214,1.46987901991,0.990072797074,0.453831617321,1.43553321801,1.33533838725,0.324984606833
180432,1.63678245549,1.79891895181,0.371663745945,1.50750137348,1.66653620897,0.547935436016,1.59014946096,2.30391025251,0.309746680634
180836,1.7187504554,1.55986665795,0.347168984059,1.63511486045,1.15408996315,0.470566443121,1.78021272084,2.45445266249,0.337691606571
180937,1.87406226364,2.69801377651,0.339332702703,1.63471042007,2.65723235658,0.518572700623,1.29663943374,3.36982490178,0.362020009237
181131,1.3297938946,0.459401328886,0.37348117071,1.44053658019,0.221066049622,0.475462968064,1.18282538158,0.659572046473,0.38328772893
181232,1.63463243538,1.64013723861,0.463414884557,1.46308406827,1.3300056991,0.64270663564,1.82251971234,2.36896648322,0.378351939413
182739,1.59411804146,1.83033543075,0.495597597414,1.46594665615,1.67586982958,0.65074649818,1.61679525815,2.26594037042,0.428436663054
182840,1.69221657226,1.28178256609,0.428431458323,1.45577285375,0.930464982446,0.79887974571,1.70340066684,2.55007850262,0.383599634539
183034,1.6952919784,1.58947674802,0.525772450477,1.42396446005,1.3461871177,0.836753709672,1.74971446742,2.49723479678,0.447277872314
185139,1.7008151318,2.15400344084,0.405154858154,1.70767421068,2.55871279494,0.634094540272,1.11535491011,2.63991215036,0.401428990729
185442,1.06594436918,2.0612938544,0.413872652103,1.03286357005,1.50126062858,0.455279598054,1.15661099796,3.16749680971,0.39806663981
186141,1.23447838512,1.46361197439,0.451060157181,1.24104776902,1.09145328376,0.474229233462,1.23061700638,2.01923639679,0.448046044251
187143,1.49971583883,1.96333125445,0.574722236639,1.72139820388,2.1282476291,0.663265575707,1.02733402012,2.44546133465,0.603944731455
187547,1.20760679777,1.43639557064,0.45192439417,1.76098534687,2.08040438987,0.376083919829,0.852928635304,1.13655529556,0.534321022494
187850,1.76521047045,2.07542483316,0.29107531335,1.61440461963,1.82385440636,0.369177592081,1.84631121238,2.36658252584,0.24594737305
188347,1.62882825595,1.54240056605,0.407833973644,1.49156352628,1.47310157337,0.616070249852,1.58890388204,1.85312592691,0.315030234594
189349,1.68266802481,2.17723376929,0.417295233525,1.69488164268,2.16154423641,0.564856938486,1.1614575695,3.15427936615,0.456584362877
189450,1.65837603223,1.34377069948,0.511046445292,1.53408163569,0.879957549548,0.724988186578,1.83503647141,2.35280779473,0.465268626714
190031,2.2067625584,2.29698667985,0.41504417427,1.71547668879,2.54707503811,0.799539606157,1.16565238103,3.74849991607,0.499329548893
191033,1.86228141507,1.96031502637,0.41760041219,1.73092817859,1.70107518936,0.564892206567,1.61289242248,2.69317740062,0.426493935539
191336,1.90396705207,2.66228567176,0.257638483106,1.71765467061,2.54384535333,0.396180362849,1.43078476034,3.05388201887,0.267749699545
191437,1.51842389589,1.78346126429,0.419022852325,1.48029659885,1.48431373756,0.558860335624,1.0610489451,3.45277346821,0.492056537184
191841,1.64985092669,1.76850567823,0.523982580717,1.56329185179,1.57151447441,0.694636153024,1.46630563291,2.49849796926,0.510465213205
192439,1.27686936954,1.43805723248,0.499421478765,1.31347535732,0.941595607607,0.463067172723,1.30946367194,2.24858393727,0.538521284052
192540,1.80582754479,2.40543757037,0.553546795079,1.65095090898,2.18717461131,0.595501724261,1.7636565538,2.47749361578,0.54101275054
192843,1.96709959505,2.21478812646,0.413774973743,1.76500772104,2.06094631562,0.597808545576,1.59304008895,2.74283609231,0.413909842431
193239,1.64891117737,1.64232630494,0.29837251971,1.56514342888,1.24327912264,0.367633016801,1.85804113527,2.35164215126,0.26312445237
194140,1.39318120111,1.29795662599,0.428135016804,1.36063744925,0.776145530049,0.512261464116,1.48386084123,1.98430937549,0.402833400118
194645,1.63968847279,2.21846175057,0.680541016935,1.52684381325,1.91098179576,0.756832905278,1.61014114154,2.69777928767,0.660488466709
194847,1.47034510574,2.20709622558,0.470562518571,1.36049523262,1.84661111905,0.570664000251,1.42022897624,3.07657985125,0.456407368445
195041,1.43190576281,2.25721631658,0.442642773834,1.72910901685,2.51216399864,0.479164149397,1.11968189458,2.24376730226,0.440646772323
195647,1.47257594516,1.09294051538,0.501728711973,1.45687078499,0.848917172265,0.591638883396,1.44434912145,1.48168204745,0.463267894814
195849,2.37925597113,1.83112236748,0.301904100629,1.93060320536,1.88417078643,0.76008277542,1.69391780935,2.57949224476,0.319540317008
196144,1.61808916578,1.55263731883,0.530016442256,1.45065134767,1.34140443338,0.737487750303,1.72164554872,2.12794186867,0.43597567164
196750,1.87958877492,1.65253185812,0.441672845664,2.07319135866,1.67169127361,0.509336851663,1.60106414262,1.78768657966,0.443179235485
197348,1.94987616777,2.23435154433,0.394090704277,1.72795359539,2.10514111573,0.48216035399,1.94934355539,2.24149706212,0.345890049612
197550,1.22085734292,1.70326332863,0.540441490737,0.937719394279,1.17157893435,0.778319309419,1.58506480125,2.75663673121,0.443337733296
198350,1.966148861,2.22233826702,0.261458109917,1.82363498733,2.0089336252,0.411812723271,1.48599710668,2.94041477795,0.299907176339
198451,2.00787552645,1.60972182241,0.24698534921,1.84076696662,1.58508425292,0.410901404886,2.1457249086,1.70737713462,0.123203523392
198855,1.41128304115,1.52674190796,0.399677291153,1.36475373322,1.06633687616,0.48797472693,1.51903781723,2.41176460821,0.374387739858
199150,1.38212994204,1.38693371287,0.428007579379,1.36680912718,1.08872338195,0.542356864826,1.2443381179,2.01898952369,0.419038131854
199251,1.62269728144,1.99182009398,0.384991653433,1.44290019253,1.72216114646,0.547472521177,1.64121354783,2.6623274334,0.334376632914
199453,1.6525047042,2.21697501787,0.610594946902,1.43413768195,2.05310760343,0.782192105639,1.58767410425,2.75210626714,0.558139084417
199655,1.94404391383,2.24760758817,0.406975050394,1.57831801769,2.32118090593,0.615760983568,1.95424877088,2.23587084591,0.29517870846
199958,1.48101139909,1.34531723788,0.593671656462,1.40865052966,0.805721439731,0.644145411055,1.94018586579,2.22529613769,0.527822745186
200109,1.97425592507,2.56750107109,0.29467305741,1.81753048803,2.40405752819,0.454887225389,1.06392832582,4.10690057442,0.398933883514
200614,1.32796480733,2.03924846966,0.470125335685,1.25017482148,2.00956344729,0.588331857721,1.25590274705,2.34448008501,0.418836499757
201111,1.39732033285,1.30364698026,0.51924465917,1.25138968501,0.774659219904,0.751464529607,1.62189957284,2.67822095436,0.455482568858
201414,1.49908333191,1.7792394524,0.376703563591,1.3546480185,1.57979499787,0.457990290662,1.74304115969,2.08691925575,0.299462778659
201818,1.23439075823,1.16258528001,0.632732072235,1.30820441632,1.65803881512,0.68756310769,1.20371007648,0.776191257045,0.569292899282
203418,1.31211171932,2.22372126483,0.395341076154,1.23271762629,2.01579550481,0.477415035646,1.33693837584,2.72083308062,0.354992720484
204016,1.64441278477,1.61348901515,0.444890027057,1.44638845898,1.45895328965,0.602422562303,1.90409466225,1.91040195209,0.324733461865
204521,1.50962147449,1.54393403204,0.478125424409,1.38279207283,1.56860437877,0.652900344247,1.51506913355,1.65821187188,0.375822644626
205119,1.61589068853,2.25922351505,0.417096962041,1.36382130424,2.15896244619,0.630997172635,1.34058279408,3.24023659042,0.400464915469
205220,1.63733744244,1.98199408935,0.3887570894,1.69540081888,1.7367214563,0.44715391366,1.26170841978,2.90365157962,0.451780240244
205725,1.67892459273,1.92511388874,0.3882309093,1.44570280971,1.7188225914,0.643788611218,1.33022779386,3.2847365486,0.406125932677
205826,1.66969335437,1.59743596008,0.359880616533,1.61725245182,1.16683678353,0.450514672811,1.67365824194,2.59539571043,0.376480082573
208024,1.90038405764,2.29254124143,0.431419301206,1.83261030581,2.37028320101,0.555049815304,1.65268069036,2.21673894268,0.384942607662
208226,1.79817873675,2.81891009977,0.57846257841,1.70545301499,2.56204528301,0.648065378596,1.35888050824,3.21547614081,0.608254423651
208327,1.5395316076,1.8952327563,0.348092945575,1.39930259193,1.55009625001,0.400541027986,1.84597013596,2.35312876262,0.288486652352
209834,1.53678902525,1.03718447992,0.411590697741,1.38902002684,0.646456909084,0.716982581568,1.53823762368,1.8968270488,0.343516229755
209935,1.78935753852,1.372970868,0.417310102413,1.35966345348,1.18370314971,0.947382536241,1.77580665038,2.46054256612,0.341064695876
210011,1.80436106152,2.80925160176,0.407343108514,1.59069626892,2.74687753899,0.52411739069,1.53077174817,2.85440847578,0.381086865421
210617,1.30924976244,1.40580482517,0.550363659556,1.21803562055,0.71875462637,0.691935350177,1.64823091502,2.63543498806,0.489979093051
211215,1.78361051746,2.84193446528,0.382945337483,1.63449425743,2.67327207336,0.485407340356,1.37008585385,3.18917813815,0.392742718447
211316,1.32511545715,1.15415996131,0.767282690524,1.29593749913,0.993762653813,0.838167050558,1.32907707874,1.37279419022,0.720517630874
211417,1.48074641114,1.98848294145,0.498626072295,1.40306382382,1.79058541837,0.633141397553,1.31229702985,2.79171678575,0.484794571386
211720,1.421253862,0.823266894068,0.581333042905,1.463272904,1.01695114518,0.607067759358,1.39161173167,0.645252963002,0.55195963494
211922,1.8253485737,2.0070476943,0.411771239407,1.61648420812,1.82150803848,0.584177052276,1.80214212642,2.42458560199,0.348651776077
212116,1.56469015275,1.48065719204,0.401262785704,1.47820984574,1.15325175053,0.557823630309,1.58247992135,2.29866180964,0.363460855274
212318,1.52605045009,2.86323945071,0.385032824309,1.28631270734,2.84811121372,0.444882630858,1.60308294664,2.72565300606,0.343953640109
212419,1.62244202155,2.25805396894,0.533962548004,1.60058509157,2.72990662945,0.678271457837,1.48199087798,1.98681315986,0.446075739913
214019,1.45962293039,1.28238748373,0.785534207815,1.39411374873,1.17797255551,0.976980180306,1.30422235475,1.6408752355,0.730544112418
214221,1.38639581575,0.97702665243,0.466933272035,1.27323358953,0.836225768582,0.509352732659,1.50601972805,1.13195601657,0.429305395173
214423,1.22013151926,1.06951480318,0.803776444472,1.29810962834,2.20489919992,0.831340049534,1.28745872578,0.418651479804,0.780028269121
214726,1.77716948252,2.85223455167,0.386491892284,1.55211598959,2.8151554921,0.540795336834,1.28102246179,3.41090650852,0.395611296583
217126,1.46759984037,0.880872474603,0.578515230391,1.41425872948,1.03682377081,0.554625239967,1.49051924355,0.764454594009,0.625183614166
217429,1.38617863372,1.40379464935,0.527891534946,1.25187605581,1.2386189553,0.66564269466,1.494051892,1.68153839732,0.435007851332
221319,1.28375989547,0.827954051075,1.15028267967,1.20987288112,1.33025372959,1.24289821737,1.36345759201,0.479608952445,1.05620852546
224022,1.33128789714,1.63994455298,0.568861532468,1.27472144989,1.06262090664,0.670271403525,1.44191828726,3.03030198804,0.558706315752
231928,1.63806310964,1.97313585332,0.462184608224,1.66026728122,1.77347286939,0.516066826998,1.47384193452,2.46809788385,0.470891111438
233326,1.93485702551,2.6197823071,0.441325270716,1.69699401801,2.5748162964,0.561201511662,1.71231162491,2.55178309188,0.402350049686
239944,1.3450689124,1.22092460848,0.552681587701,1.24467071731,0.522698539534,0.669500780891,1.88979673754,2.29855694825,0.454252172095
245333,1.54749463712,2.09706260387,0.368809235493,1.44889466496,2.03219671545,0.440611007316,1.64314579787,2.22960229754,0.310017069421
246133,1.42562935641,1.75269957838,0.518519558705,1.2609430694,1.37563788365,0.691975623524,1.57497480207,2.75801582103,0.455025180074
249947,1.52820895296,1.76325833948,0.475898068322,1.4613257548,1.48430539408,0.640517104228,1.14705157321,3.19389444354,0.524588534063
250427,1.62112803892,1.34674022221,0.485519801751,1.89012664919,1.55779983338,0.499395838968,1.38120455017,1.23424737634,0.48611577116
251833,1.32710187809,1.23558205214,0.43588936277,1.65250996871,2.21696795511,0.491220896121,1.30022802158,0.651653284136,0.334016270489
255639,1.67718317581,2.16886635413,0.445783725456,1.75704522114,2.07028602108,0.537097244033,1.22345367908,2.97321118234,0.490331223078
256540,1.95589420263,2.59160449241,0.295502414137,1.85020766737,2.36159860837,0.41831539238,1.11643733758,3.91374213794,0.396960344515
268850,1.18243549775,1.20013665578,0.773838858146,1.07325856033,1.38650378431,0.920619632726,1.18893037534,1.13929771742,0.67628233464
280739,1.5371418416,1.75301140588,0.510771102703,1.68160995272,1.73510553227,0.569954452076,1.21625450118,2.06560849028,0.532322583859
285345,1.88478952143,1.93690499644,0.459335316215,1.52915243708,1.90809670856,0.747099260296,1.90420917564,2.29462598351,0.345145192464
285446,1.81021723313,1.79270922506,0.582112989411,1.90092342315,1.9272536713,0.728104861354,1.5466880894,1.90370573055,0.532155370376
289555,1.28983150809,0.851748683282,0.514849974943,1.32816215349,0.931183458206,0.55053720846,1.2324217393,0.786581838242,0.488158134788
290136,1.85843213647,2.72751643859,0.341388911714,1.64461695581,2.65681795206,0.454678941377,1.6026609809,2.72637064517,0.312604562642
293748,1.36396347366,1.97558602764,0.460370407395,1.3213480024,1.88058455855,0.592346175787,1.11658572241,2.63700217554,0.450324939616
298051,1.52457410099,2.12001571424,0.350676375483,1.57181261416,1.87327608433,0.356391499562,1.40105680273,2.59631597566,0.375915158782
298455,1.19145855969,1.36362727126,0.507242627899,1.35381480437,1.83548491401,0.53455853172,1.0815489561,1.01577675469,0.478612338413
303119,1.76584388698,2.07468036849,0.41677250225,1.62031852206,1.81719763063,0.561096075312,1.57760925041,2.76966419367,0.409168499357
303624,1.57729943896,2.05743630729,0.512574898982,1.55671645949,1.89144205499,0.58050422992,1.50729680454,2.4305509274,0.490994680428
304020,1.46007787972,1.72066549249,0.497013126179,1.18553465246,1.46313821515,0.688200179587,1.92247567392,2.27282348054,0.348271423464
307127,1.26719476436,1.14491704279,0.42589236625,1.28066510027,1.33114277251,0.463942196652,1.25604676093,0.984646961893,0.388717444199
308331,1.32005719264,0.942628930618,0.435742389731,1.32614334679,0.522678926255,0.424209499063,1.39739334919,1.51010680104,0.440843528709
310621,1.96762387702,2.2141979865,0.47789037093,1.8595140971,1.95620251839,0.603902762008,1.46857946593,2.97528867442,0.533673772435
316633,1.84766633778,1.74929909451,0.319967586742,1.77986379838,1.63932247779,0.394245290531,1.907259093,1.92085158203,0.266643285618
329440,2.14415098143,2.36406122802,0.372454725919,1.83973536249,2.37504150953,0.628001709791,1.43095375014,3.05352136786,0.406470743699
334635,1.5635650196,1.39503263929,0.407462084848,1.24302468989,1.29477549845,0.820189647787,1.46968704315,1.98530071126,0.328713017669
339847,1.46779914142,1.84497328326,0.362512941242,1.35264750564,1.43859367717,0.497317980959,1.49362949421,2.92538937494,0.339744885123
351938,1.65354336879,2.20777894926,0.547999365058,1.4083192368,2.07181060646,0.739523220373,1.59233967116,2.7440425756,0.490183766245
352132,1.42406998817,2.26963637916,0.435973355491,1.4151776324,2.06176996108,0.48273435863,1.36044495633,2.69291427712,0.424366038517
352738,1.92213039154,2.21768507267,0.368955437896,1.58114861582,2.17183076286,0.611028274756,1.79584745405,2.43308408106,0.304903635558
355239,1.73878390291,1.52591817773,0.743498755741,1.48768214785,1.39777273303,1.04962772776,1.80764860856,2.02670011682,0.629800888354
356948,1.67094886681,2.18478154168,0.487137772213,1.55986430086,2.33198885167,0.608333479789,1.69507335335,2.16129976847,0.404131651124
361941,1.85041461815,2.73249343998,0.340248447032,1.59275497781,2.7272276542,0.472785220522,1.62744617282,2.68484938269,0.29837238657
365343,1.307737601,1.9211083493,0.600369515185,1.24208943954,2.02264470175,0.72287586796,1.23773682494,2.02975751658,0.536323435579
366042,1.70294180868,1.89796329806,0.509317608155,1.49696723448,1.65996061407,0.6992432485,1.74350885083,2.50612312659,0.443496446146
366446,1.47901117882,1.20113493565,0.672040888743,1.69116605754,1.725301143,0.674916693263,1.42420901909,0.796919495403,0.643674699097
371843,1.40653082616,1.36287280486,0.52755982431,1.37419477994,1.24054327459,0.552310405326,1.44566571617,1.50038399341,0.505229825741
377451,1.76650932165,2.46628125496,0.616024209557,1.50000227222,2.42505376632,0.773772349202,1.68380395694,2.59498609351,0.551776752233
380036,1.46350284689,2.50328289686,0.370235021859,1.4013569145,2.10113422833,0.435634492613,1.21615100683,3.59284975956,0.399485135616
382242,1.58999415121,1.6775081874,0.424784774243,1.82248539445,1.9813151445,0.488666493945,1.41763132169,1.53005486489,0.376709279707
385450,1.9208964723,2.27469200733,0.39243751809,1.64215296486,2.23095029788,0.631080998469,1.46709891132,2.97829125136,0.391783704571
386250,1.94897539946,1.87973724406,0.469234641025,1.68321284062,1.74929688517,0.732026186024,1.77413918678,2.46285516098,0.417425124897
390645,1.59984998093,1.53560383917,0.432002920835,1.50045687715,1.09448512668,0.584172287608,1.69335070316,2.56521310899,0.408659064489
395958,1.28320168404,0.951138173721,0.616473159138,1.13149773364,0.825727891096,0.742415560134,1.39962020548,1.1078701253,0.524322546156
397154,2.04333436923,2.47450729626,0.479412568051,1.84607538756,2.36688484225,0.59829452348,1.72674184741,2.51560789378,0.45885087361
397760,1.4328812316,1.87107030896,0.405734057076,1.3385136457,1.83542078986,0.535568361563,1.41313395424,2.08362340338,0.33941082237
397861,1.65374104586,1.77246235724,0.473811970947,1.70648141027,2.14685118987,0.671997798153,1.40996352797,1.76239072891,0.385081787349
412528,1.33470881419,1.13869462582,0.468486175867,1.22439797823,0.763076429389,0.554253615412,1.53317567463,1.62075794112,0.397451908805
414229,1.70591987509,2.97136124401,0.332465424693,1.60118923289,2.72887661416,0.377880644978,1.42368880509,3.06910318944,0.341809577329
415837,1.86162888168,1.96793339542,0.481927946732,1.43398756392,2.05332253448,0.815784223704,1.8562946788,2.35385464515,0.357973199723
422632,1.73968556103,1.41217230737,0.462410456325,1.72354046125,1.39126137547,0.697183232369,1.38990639885,1.80753583554,0.447168819
433839,1.65495320624,2.21369500498,0.372057778045,1.38629003394,2.12397038648,0.596079863021,1.45231723425,3.00860428384,0.33734838842
436239,1.62756072719,1.6387887481,0.507513097341,1.58479143475,1.82381838677,0.719568580974,1.42269736541,1.74661646968,0.426273780606
436845,1.4297712024,0.698383649382,0.797819106771,1.63310026618,0.473449122656,0.643897792564,1.257339343,0.906226540617,0.908187842722
441939,1.45946431607,1.46633675105,0.509024977357,1.4090873778,1.53933229021,0.687791672113,1.2825666429,1.64530491419,0.437659527722
445543,1.78034941748,1.37183578201,0.354190705084,1.80149026747,1.34763327884,0.574320769656,1.32631431946,1.85230283409,0.369425714714
448347,1.77799949605,2.4430858566,0.476887959619,1.60696044253,2.24704841332,0.600383293363,1.56098312277,2.79916405805,0.459965524611
465852,1.70601331569,1.70231091008,0.393959872078,1.55511586726,1.37614579631,0.527897557167,1.90163396296,2.28424897033,0.323218653567
473952,1.2747278336,1.62031081871,0.505048148313,1.10672917793,1.11749346797,0.611842494304,1.78154530186,2.45261675238,0.398212057644
475855,1.38594747823,1.54411779459,0.548771200407,1.35028119325,1.3512365433,0.677660330374,1.26021667613,1.99355053108,0.520932185989
479762,1.82823069126,1.29476199336,0.626191885094,1.6408927269,1.07128143646,0.868706737054,2.04503529391,1.73852650469,0.49152321641
480141,1.41546520914,1.63675497853,0.503013197709,1.43692053273,1.7293278182,0.614959990469,1.26471011333,1.71505997897,0.452925002596
485757,1.56212917743,2.07741663114,0.360492347676,1.47071356658,1.70822224059,0.440956231347,1.55141536426,2.81642682749,0.348537936408
486759,1.6174571849,2.00635489056,0.352095795582,1.7176956621,2.1328351273,0.5119165264,0.959843502952,3.06762401382,0.410171038781
497865,1.39559534526,0.922799214457,0.787457539997,1.32650065007,0.855619582834,0.81490419969,1.46378577854,0.994194132739,0.762449356628
499566,1.61615472772,2.26683843032,0.450282076591,1.25600328214,2.34429242425,0.700350536337,1.58184894455,2.76224090014,0.364874001836
500222,1.96995153217,2.21158173465,0.468211291664,1.75806288445,2.06908762588,0.617972865421,1.8062231636,2.41910741736,0.425533808068
510326,1.62577807587,1.64906980141,0.382519523153,1.48194081015,1.29352171089,0.502518716784,1.91262858156,2.27111811657,0.300669127146
519950,1.9546046179,2.21565696747,0.429367684453,1.79928662241,2.0068608679,0.550553282481,1.71506404165,2.53273657214,0.418820228804
521331,1.61803839377,2.69258680354,0.480221852557,1.54008345429,2.36194093872,0.50019827453,1.47991215665,2.95250487189,0.494120728739
522434,1.92141649448,2.27407637283,0.410442439195,1.79616837306,2.03965379921,0.562985584728,1.22370949026,3.5706578132,0.5003025983
530635,2.21993067679,2.28336148296,0.450891163988,2.09075851471,2.08988643199,0.541896572523,1.7921884819,2.43805152002,0.473893387043
531536,1.28100790587,1.42201498057,0.705395788224,1.61801823601,2.2642276611,0.710590399902,1.22315290446,0.870464136665,0.661679729902
540436,2.05049161757,2.12471428284,0.406785106945,1.68128489853,2.16357511026,0.69103996403,1.82963337728,2.38815486574,0.330187382333
541943,1.60104671977,2.01048213343,0.506720679758,1.50185446318,1.92453518551,0.684580401271,1.34496650869,2.72390548201,0.492564656731
545345,1.70516550952,1.36687961195,0.366695810711,1.54626730594,1.00280036088,0.51962405603,2.15099598242,2.01943911442,0.241801031559
547046,1.35034617048,1.99550844049,0.532225506623,1.35842278258,2.14791062805,0.596078064554,1.3105737157,1.91695102219,0.485059253191
552544,1.63419386952,0.904483817948,0.375631808687,1.57054903119,0.797659253938,0.362748766976,1.71064953667,1.02759675777,0.388559107135
559053,1.90999484214,2.28100554544,0.432643416399,1.54604998438,2.36962690931,0.709268361638,1.55488332432,2.79365361627,0.391103517087
561242,1.57492614837,1.86116266813,0.294783083083,1.45180029325,1.7116036285,0.442280569848,1.59504324622,2.29684157768,0.228776942146
562446,2.09435488192,2.08629773788,0.323389459105,1.82323585764,2.0093734065,0.569770676902,1.71461459356,2.54835568814,0.301469526412
565452,1.46594498282,1.27685704364,0.497541881731,1.33675361209,1.06331164403,0.64155721867,1.58015136157,1.57257507744,0.407051461907
566454,1.3136107306,2.06153172931,0.380277757645,1.43187551345,2.5585755268,0.426043852033,1.26576856877,1.73588176508,0.331828390971
567052,2.23226758878,2.26507154911,0.588212893176,1.96090040483,2.21520961042,0.808313511584,1.73310438776,2.52116830545,0.578907194812
567961,1.0685415327,1.71842757217,0.500027374186,0.945684078198,1.16171173227,0.54295574999,1.43107120826,2.56001352343,0.443727022344
568963,1.76541137559,2.06787964084,0.380293759829,1.54933328637,1.90045550888,0.545614278343,1.775471556,2.44656435479,0.30832568011
570243,1.50635055605,1.94589084237,0.49426985145,1.42492052905,1.7631198181,0.612198608134,1.46027915586,2.49102107985,0.453501604604
573249,2.0731225624,2.44505766044,0.485707821638,1.83192004685,2.38517388353,0.680353231841,1.51438917875,2.88528729192,0.49805282855
573451,1.60321239296,2.71748699412,0.355679480432,1.4891602649,2.44270965689,0.437051210107,1.35346840539,3.22833383851,0.359917219088
580044,1.82001250696,1.78306089699,0.272876330083,1.68968639625,1.48684728098,0.481074579569,1.13948668398,3.83457561542,0.397433966793
580347,1.3652863377,1.32338345202,0.545853304232,1.40485177685,1.21347185542,0.564162387423,1.29700934647,1.47795589707,0.542635842235
581349,1.40743763584,1.4675288248,0.582507883132,1.85742508628,1.97238729745,0.571249867107,1.16518841856,1.18975981827,0.581820721017
583858,1.4565118414,1.39846575178,0.468116044581,1.7968434017,2.40281824751,0.699146775169,1.04797203206,1.18014850522,0.386058027366
585862,1.41132485003,1.78010443444,0.381451544915,1.43897924858,1.52693277509,0.472790575968,1.01472868779,2.90170073499,0.436608073071
586460,1.35991645279,1.33950319422,0.479933915525,1.36516177667,1.11329351562,0.537569048645,1.3046673705,1.68412625856,0.461292661943
592455,1.7362457462,2.07972743522,0.335561599171,1.3410099976,2.11274587745,0.464959376672,2.0941138808,2.08653783948,0.228104928989
594156,1.62159959063,1.4199467651,0.429855166013,1.65956325074,1.30700273063,0.538671109041,1.37270424394,1.78970509028,0.427823956707
598568,1.62466501783,1.98940767244,0.432986117023,1.39846428033,2.10548029047,0.651819613399,1.62858896885,2.23358148023,0.324021617928
599469,1.40860465402,2.09032319378,0.428877230315,1.22212628174,1.79787032663,0.613178009876,1.24749101794,3.50258862759,0.42082074007
599671,1.69370329066,2.14771157368,0.349666549657,1.66940592302,2.16299574768,0.435922768573,1.64132911847,2.23207009789,0.30068813718
601127,1.57790358275,1.84914386657,0.315264069847,2.08892055618,2.09172524036,0.310728663068,1.06005820806,2.01881948296,0.373934240173
613538,2.25708136242,2.24016993341,0.286247876921,2.20665761456,1.96849995812,0.378802503943,1.44731551251,3.0190016031,0.412191507886
620434,1.68438739499,1.57519699595,0.483113157287,1.57702387074,1.55783042883,0.596074023264,1.76323788788,1.63924095425,0.393402446944
622236,1.50061330646,1.54388190349,0.529339964416,1.23553482182,2.0111992037,0.78937002234,1.55611952959,1.39388630444,0.35976402399
623844,2.18691462428,1.94268911776,0.268783269068,1.81131743031,1.87774783412,0.562905699448,2.0787154733,2.10199419237,0.184948861515
627549,1.55553866887,1.61507114818,0.471300886911,1.51872690027,1.6542181636,0.624729192547,1.42373504328,1.76458789564,0.403445568711
638049,1.61664531644,1.82132651437,0.490702708473,1.39021981963,1.58048716203,0.696792988959,1.76654263477,2.47344602188,0.39930102457
644044,1.1787100211,0.769957865516,0.621811655978,1.30156545366,0.950211626828,0.623153674837,0.982044602167,0.630357528609,0.650581706405
645551,2.20448734217,2.29935736317,0.405934310672,2.02072083258,2.16232137662,0.570299146878,1.64476713658,2.65657536273,0.43092382547
650746,1.44151093528,1.74282800254,0.437991649852,1.50907121598,1.66480256026,0.44532352596,1.34127890208,1.87306727936,0.44412253592
654754,1.76210001936,2.07908836381,0.582767060161,1.65717634992,1.77678071456,0.70692342287,1.45733791195,2.99823933532,0.614168522341
665254,1.53784959117,1.41044593231,0.373021402446,1.36311950098,0.969655146913,0.447864374253,2.13686723752,2.04479144785,0.260573153758
672756,1.27658419271,1.60684322776,0.398132475738,1.15826663321,1.4718097227,0.512012364876,1.35483518223,1.8543256456,0.323372025107
673455,1.57353554099,2.06235769619,0.479485864942,1.52394433454,1.64855471885,0.543043672028,1.42258228072,3.07149042392,0.510785964016
677968,1.6233184107,2.25683490187,0.607093737261,1.502855518,1.9592295759,0.676663065797,1.63833534156,2.6670045757,0.579854768008
680957,2.07017148365,2.10451591141,0.464688274108,1.77293019014,2.06638798668,0.691816031917,1.8849172559,2.30450721816,0.390317915479
683256,1.75732068871,2.08474279605,0.332088948723,1.57125973216,1.87393523738,0.516999185694,1.50986304429,2.89393655206,0.324405020126
685058,1.53052586383,1.62356397138,0.447667441152,1.35294226893,1.23728593009,0.674416160772,1.57162146917,2.78021644409,0.40932236724
687163,1.71941318826,2.12320009305,0.323733893994,1.62432151073,1.79630123274,0.392918443497,1.65386904921,2.64195515029,0.319224054298
690152,1.8202122256,2.00562230599,0.594705146687,1.5539826947,1.87760825268,0.787785477962,1.90616308437,2.29227388165,0.496489539272
695768,1.67622789931,1.92821098668,0.660392698004,1.33055964233,1.88815709123,0.936805347915,1.78522681424,2.43319525968,0.539276070431
702133,1.97137230135,2.57125668183,0.476256333023,1.68377574323,2.59502957566,0.605087352728,1.81638636426,2.4055718202,0.420126095139
704238,1.58652930156,2.30916733938,0.461609521703,1.34875461888,2.18307981152,0.661664334528,1.32606593911,3.29504568633,0.447634352932
705341,1.79038398212,1.79786898062,0.328969710382,1.82505735078,1.5837155784,0.398651731798,1.55869726981,2.35039973257,0.357638776065
709551,1.75684585715,2.48709801983,0.357891041097,1.63370782944,2.24248276229,0.460924332624,1.43742406057,3.03977648095,0.369625080185
713239,1.61010049275,2.26734806786,0.461006268486,1.51447092149,1.94420304635,0.548912008471,1.44283258789,3.0106094486,0.465852886183
715041,1.43398405326,1.00076742278,0.723810897278,1.76329986911,1.65472179928,0.685351987762,1.34466727666,0.515478581646,0.731621230917
715647,1.80323788543,2.8039815746,0.367659962907,1.72669287474,2.53052984488,0.429057103835,1.33926912471,3.24341489079,0.405449493929
729254,1.32481940569,1.08323030228,0.483319063004,1.37782455724,1.00614722958,0.551334299673,1.14671911336,1.2976822642,0.474753685567
729557,1.39395401762,1.09029834164,0.560550253394,1.42683680771,1.34347712494,0.580753753849,1.38404279396,0.869895648875,0.535975165835
732243,1.68370790182,1.9196447603,0.452063239246,1.59099518601,1.56185679985,0.566391160478,1.54099062035,2.83547984963,0.466309683983
734045,1.51533963922,2.4176505064,0.386445252127,1.48015881874,1.98927232801,0.416984072844,1.34035376342,3.2599213519,0.419458826999
742549,1.7459077866,2.07590627684,0.406048032804,1.65910568512,1.74212636592,0.515145275317,1.43875717387,3.01913728095,0.446580254024
748258,1.42965476654,1.08132714477,0.408660184866,1.40168909516,0.681685723551,0.594179798568,1.23885298864,1.98307288705,0.415705469857
748662,1.53068577162,2.06709152659,0.514839693425,1.68324588598,2.11219768372,0.577706734249,1.25207078663,2.3084731221,0.516217207009
751348,1.76185325012,1.83450071758,0.483429092872,1.69064728013,1.725830554,0.550510824435,1.83137077435,2.00044780524,0.432608344321
753251,1.70602552667,1.90219494519,0.375105756435,1.40397380284,1.78942485885,0.65822279932,1.61639885901,2.70319904529,0.311770589646
759869,1.77838388556,1.82479899842,0.297121172603,2.01009507219,2.17375183538,0.419027750866,1.52341920236,1.64912298603,0.223395466264
761957,1.68462817613,1.73996481476,0.426324271761,1.64411347691,1.52806096371,0.535776337865,1.57404053142,2.31098633556,0.410118935251
765056,1.51415705516,1.7796219828,0.422610360703,1.75892857288,2.08283707628,0.464509760199,1.33530594931,1.62438705639,0.387835920993
770352,1.73708836893,2.10159615745,0.390945840921,1.6705872639,1.74655391857,0.459339654017,1.54815988688,2.82234922212,0.41853874595
771354,1.86824093899,2.32507774089,0.426919320003,1.61130385591,2.25754201877,0.553903487901,1.86608298445,2.32776648093,0.355625984993
779370,1.403597633,2.61012241685,0.352491043785,1.47827928821,2.47826082347,0.379560567054,1.22013769026,3.00258050824,0.35992628232
782561,1.87866016368,1.94322438505,0.424347701127,1.81352758573,2.00580690823,0.662403182583,1.3644571862,2.68499567679,0.439179295487
784565,1.34037121679,1.62883110888,0.556443533247,1.24786218886,1.5361653148,0.581364882518,1.44651298094,1.73680129876,0.531682989284
786569,1.38485143142,1.31538473446,0.356467872128,1.32532230425,0.908437744135,0.512985162644,1.32138225263,2.22830219893,0.335623876331
788876,1.61471137877,2.26087354637,0.402657283825,1.53095018432,1.90585608988,0.489091065921,1.40014913782,3.1207017413,0.423175892004
789373,1.96397191049,2.22480160186,0.260551908841,1.59841246972,2.29200016612,0.425407561915,2.06477195864,2.11618907075,0.151119802765
792564,1.8197712501,2.40109730947,0.432831689477,1.72153532783,2.12807810964,0.511281287416,1.53230946277,2.85154399854,0.449436353819
792766,1.96737969521,1.84221731158,0.34115481745,1.79461495456,1.61058044822,0.543540378714,1.69835522934,2.55765422145,0.344216897348
802844,1.1347800615,0.953317040941,0.970281352676,1.20472451628,1.12436133282,0.979278192393,1.0554701846,0.802768162238,0.966685197822
814649,1.72546813049,1.87318501832,0.403054124477,2.14759869138,2.02263366954,0.45892607521,1.06169238078,2.36632161016,0.482424280562
816653,1.51812364437,1.93080040832,0.382477720143,1.42144417461,1.74815634281,0.532797292111,1.38955956405,2.63649126019,0.355292843991
826353,1.53365979937,1.756991467,0.548314835913,1.64747487789,1.7710562821,0.616917178518,1.28923332789,1.9486818791,0.543525887631
826454,1.80278325157,2.01776123478,0.376851623717,1.65644190543,1.74492793766,0.543706709294,1.50551570047,2.90229311531,0.396842580886
833148,1.03749687776,2.00428703571,0.41513349472,1.03316007431,1.06335147475,0.413139837205,1.27276862192,3.43302606398,0.411938037442
833249,1.53881448046,2.37238360287,0.495674379069,1.37003294598,2.12970844288,0.613314506481,1.52129972716,2.87218079019,0.454337279017
837560,1.63870424778,1.18746878926,0.439232989636,1.3245804065,0.945780990228,0.802253786591,1.8308855582,1.5632877042,0.293718663061
837964,1.39669425241,1.30423135145,0.40666462265,1.342103312,1.27020630752,0.493768090873,1.41968338709,1.37066487271,0.341874746182
845458,1.60724053652,1.81539145249,0.337218076054,1.51985820182,1.40806962185,0.484336222897,1.29000794824,3.38714800821,0.399283807308
849971,1.47416146776,1.46162073154,0.456946799607,1.4660024336,1.26623117931,0.585852242908,1.28094693512,1.96128782161,0.447561164897
856766,1.3915619821,1.15656933226,0.49272435804,1.40061839258,0.760171894523,0.56797846353,1.34153644897,1.85228411177,0.488276487598
857263,1.28898656694,0.695188024097,0.642032135943,1.3781268454,0.882643951381,0.682757261456,1.13427077943,0.534383689118,0.627628981527
859671,1.71823210032,1.43805974021,0.37767596628,1.93342692405,1.49494750587,0.47622059064,1.22602652237,1.7691735544,0.428807909626
861456,1.56651698206,1.71145385554,0.479236328759,1.46432144781,1.46147293458,0.641817317521,1.5080937364,2.42926653543,0.444631828928
865363,1.9356172935,2.61875331411,0.421788639213,1.70187848811,2.56742645435,0.517599258311,1.76301480651,2.47839543737,0.385940259676
871762,2.14766346995,2.36019482249,0.333748810701,1.90927759465,2.28853460844,0.542563725476,1.50537627595,2.90256191909,0.363964417165
871964,1.46822834985,2.00543667438,0.683281035361,1.23696950363,2.03101662297,0.763860882751,1.7568014144,2.08535900308,0.603120414553
872158,1.80148767702,2.42546641212,0.46140857329,1.37400968452,2.66632883844,0.721428643498,1.68234998681,2.59722880894,0.368572808653
872764,1.5748730754,2.32625835272,0.467848858849,1.43927997981,2.04577220587,0.571802308293,1.50152949744,2.90999801196,0.443854938115
877168,1.32341189937,1.29950922342,0.49322723583,1.38491000674,1.38414958578,0.600912637087,1.08357494821,1.43100153338,0.472662900138
877269,1.27780667443,0.795050294504,0.568371216772,1.31973351671,1.02637816321,0.591655564762,1.24677551951,0.586222216516,0.542625379193
885975,2.02729373829,2.50033041907,0.335537398359,1.69664024435,2.57535318227,0.510510460389,1.83155841733,2.38564482089,0.26580104244
887373,1.3553656949,1.58972959919,0.611276734214,1.36110172907,1.59360145832,0.629348323191,1.34525522137,1.59082539098,0.594785543359
889579,1.9742984177,1.63709853721,0.341783123909,1.52363146661,1.63091056088,0.804891394479,1.85091493999,2.36069619303,0.24569833487
894673,1.36440885689,1.96496930899,0.507984958388,1.21333172315,1.76379313478,0.64272110852,1.48192548712,2.47216319441,0.435597031145
896778,1.82088297808,2.3996313355,0.428734548872,1.88041274761,2.32366423703,0.50184325507,1.38974006,2.63614883932,0.448048314954
896879,1.62842327562,1.66298912675,0.705900267838,1.46349598847,1.71664674435,0.920619918679,1.61070703668,1.82804129622,0.593079060849
898176,1.70653170928,1.88620920864,0.409227009655,1.46580235176,1.67603481456,0.602447577331,1.86815479303,2.3389110307,0.311519878377
899885,2.15318038947,2.34826855663,0.384228108977,2.08690341501,2.08145973149,0.475520741478,1.45131599966,3.01067986124,0.477972747207
901038,0.987700686864,1.97014153674,0.464681956645,0.938363744147,0.999899713139,0.472147125922,1.33964720477,3.2616407043,0.438220093787
901139,1.4479300971,2.02440280665,0.401582186242,1.36608649852,1.60840809108,0.50226370892,1.34176966167,3.23737042649,0.411210423234
901442,1.43550553617,2.05115125297,0.598092207278,1.26508132804,1.73682476267,0.7328394718,1.58663208107,2.75391371737,0.532108125108
907656,1.97408645368,2.20041296254,0.395761199454,1.81155295525,1.99327207199,0.53555385115,1.6851178495,2.59296277336,0.392782897931
910241,2.01826410641,2.5115167961,0.678570689549,1.66813066192,2.6193678662,0.874688186606,1.79062011668,2.44018695633,0.60782031678
912447,1.4210082834,1.34898764108,0.454634910024,1.37093529879,1.24349274086,0.594581806122,1.34132541184,1.61709729886,0.394112310852
917255,1.74075859808,1.85673134413,0.355056794075,1.7614038372,2.06516307215,0.435544779526,1.71457036268,1.71730425491,0.287032174762
922854,1.96014942018,2.58597847186,0.407391750466,1.68220128769,2.59745839244,0.616578627856,1.36009713863,3.21259984184,0.42461035058
930449,1.70966831602,1.56815301751,0.381299988906,1.68687740749,1.71344505834,0.557929316334,1.59776745153,1.57238503111,0.286679925317
932554,1.50909471111,1.65576087009,0.446347096912,1.44885855279,1.51652110767,0.545457893339,1.50956040545,1.93286119691,0.390173876238
937160,1.7008925484,1.58424303951,0.533892555646,1.53794316687,1.24641966847,0.752099443442,1.71274701769,2.55113441001,0.498583671151
951457,1.32192888899,1.37799578143,0.386712944479,1.26592192918,1.22487601855,0.412533408777,1.39630069717,1.55342878848,0.360821571593
957974,1.74278915983,2.90850110791,0.42009240334,1.45931075496,2.99418601393,0.520701537602,1.64794385273,2.65145432306,0.370606800676
958976,1.50942356026,1.42747537513,0.548446515632,1.4499838696,1.45533563827,0.714428016984,1.43093824697,1.5355132075,0.468408362805
959574,1.65899384685,2.6261151209,0.427580645115,1.62689204042,2.25187754019,0.435215990357,1.40705880587,3.08715272151,0.470466731669
965367,1.55494208221,1.73294376144,0.412472609124,1.41861766344,1.35126092223,0.527436854594,1.81061832241,2.41323519064,0.342135222659
978578,1.67563091655,1.26193235074,0.589547816979,1.49196917605,1.14261616098,0.738419274668,1.80817573184,1.37426169704,0.504950449858
979984,2.18518569243,1.99374764432,0.51503072882,1.96535759994,1.8508520586,0.766820462572,1.53763716317,2.84166379243,0.575086539507
983773,1.6500268943,2.21248408368,0.35889948688,1.37081625585,2.12849148792,0.58271406362,1.51748012004,2.87941027679,0.309107267755
984472,1.89003873335,1.69597201792,0.285718778258,2.03712928808,2.11939818391,0.600924115527,1.0121958245,2.45496631149,0.340757551776
987983,1.58406541703,2.04864843226,0.436097896373,1.5325004928,1.63935061409,0.487592678506,1.50993915885,2.89379067154,0.455004375622
991267,1.92443368577,2.21503079507,0.255100009623,1.69843297198,2.02185618223,0.484684507897,1.4137235307,3.09073716153,0.298664289731
