,0bk_a,0bk_t,0bk_v,2bk_a,2bk_t,2bk_v,subj
0,1.67634705535,0.452738255867,1.67334433834,1.76091961083,0.39520547412,1.11527350203,100307
1,2.03915424789,0.424000236039,1.63068907826,2.09131226847,0.452728943561,1.13596883592,100408
2,1.92599284496,0.190080201389,1.52689479507,1.48957798942,0.388446348769,0.949571958568,101006
3,1.72950386306,0.394233973064,1.60991194976,1.72380846029,0.420929777343,0.903327853885,101107
4,1.65918075757,0.418042250412,1.48252558816,2.20225637322,0.365811187764,0.940707382771,101309
5,1.90380669584,0.3472160035,1.77132795747,2.12258256954,0.00391666682826,0.708344827054,101410
6,1.6649458917,0.413717753808,1.74134928539,2.09229808267,0.303367144158,0.984968863227,101915
7,1.74119994803,0.369428596752,2.35635075199,2.26482522041,0.220692426888,1.55625998961,102008
8,1.90006553229,0.388897217179,1.4020524024,1.88167040103,0.364355782465,0.899933297347,102311
9,1.88736860142,0.586594630439,2.51385383938,1.92580846518,0.537287738297,0.858210331602,102816
10,1.68738774268,0.445401738225,1.72172108613,2.11922328632,0.205812993942,0.976760511369,103111
11,1.76216478086,0.436650435864,2.16115414563,1.74981019458,0.44176907592,0.879010616395,103414
12,2.06343035959,0.291818605545,1.73088793265,1.97824211537,0.449453786451,0.970022257967,103818
13,1.66871310257,0.309257020275,1.77528252456,1.85929352528,0.250487778977,0.90176186076,104820
14,1.92245220697,0.345343381734,2.39969734863,1.97098023775,0.397359973094,1.15257306277,105014
15,2.27938087358,0.201959238203,1.88212988056,2.19189264344,0.420444692082,1.26361607618,105115
16,1.83985368448,0.33267085121,2.45949116386,2.08349106885,0.350670879843,1.55343352287,105216
17,1.73418096485,0.306905985373,1.32054820495,1.97913988122,0.461125195647,1.30434552328,106016
18,2.13469450852,0.56229743351,1.67485334533,1.97832966513,0.711910793551,1.30527340882,106319
19,1.92062614936,0.563838408326,2.3739054532,2.03111249402,0.71221155796,1.65049713498,106521
20,1.9627612385,0.343644196731,2.44246731108,1.74184617977,0.345051800731,1.68194986084,107321
21,1.7431884167,0.439283984517,2.45451330003,2.16700762993,0.4030327528,1.83652823108,107422
22,1.6069303746,0.385424037248,2.39068945841,1.71292058678,0.298568446613,1.01753520891,108121
23,1.41548342417,0.537735073716,0.899031235338,2.2752972655,0.16928479238,1.21560592012,108323
24,1.83840263321,0.40101328599,1.10625697814,1.93603593082,0.194014483797,0.694467492054,108525
25,1.77713382405,0.622782525038,0.785400415956,1.87887697553,0.5387800399,0.583636658782,108828
26,1.65053958396,0.436687192236,2.38806053516,2.02896265209,0.45433036918,1.39484635623,109123
27,1.42453698383,0.483495974679,0.960466434008,2.04571351882,0.409802613794,1.22241934665,109325
28,1.75370563817,0.392135131478,1.86962478784,2.03607899588,0.387057532913,1.45944109484,110411
29,1.47436501327,0.457987407473,1.95881528953,1.61857195775,0.468492436424,1.04966998592,111312
30,1.87318643453,0.334448845074,2.07088421136,1.89386649363,0.434454922893,0.869518182164,111413
31,1.64673095618,0.374265031475,1.78803332796,1.93326440087,0.44521771461,1.18667863887,111716
32,1.85363260578,0.430660548585,1.41169571326,1.92523249676,0.543632379214,1.22727580081,112819
33,1.834696238,0.312327428326,2.35628889144,2.0044418791,0.399125888479,1.27425697927,113215
34,1.88437387926,0.511380334786,1.78581225259,1.8917626371,0.573844046072,1.12539851481,113619
35,1.84815980005,0.3807410575,2.58941492044,1.98744213092,0.416002167623,1.43094655851,113821
36,1.8039090013,0.396035814556,1.5640236794,1.79510889936,0.390057273032,1.10460647333,113922
37,1.81433026285,0.514320460841,1.23411895475,1.87301540658,0.536471160212,0.564091577212,114419
38,1.96208078931,0.333953227803,1.37707298099,1.92764397341,0.243608713843,0.835879624197,114924
39,1.63527003493,0.396417701572,1.08729395824,1.87485653693,0.407294795668,0.734766793793,115320
40,1.78022456132,0.442778798387,0.722336232975,1.80967147653,0.453638276245,0.395496298256,116524
41,1.89022620817,0.354528068426,2.22349270156,2.1837788763,0.567200811065,1.23732141228,117122
42,1.68957550443,0.581347638114,0.679851220782,1.68694395463,0.570770094859,1.04833720081,117324
43,1.6989869417,0.448495018901,1.17209483141,1.87185154614,0.453406985449,1.17352812986,118528
44,1.85395024139,0.354368663256,1.22133533376,1.92599824738,0.377347911226,1.14676412247,118730
45,2.00200830249,0.392655875917,2.11295397513,1.78284157062,0.602651971082,1.01665549141,118932
46,1.74679651758,0.239294021352,0.920731849214,1.84180343951,0.381575455646,0.824160249715,119833
47,1.62828418147,0.392464384028,2.10707266388,1.71129119741,0.41788881106,0.995754831298,120111
48,1.88524979343,0.387360238417,2.3684940277,1.81831520635,0.554126558851,1.2852405575,120212
49,1.7138951812,0.625589330007,0.740431335153,2.13451040298,0.153593724368,0.503637297042,120515
50,1.48414113471,0.576192690449,0.760212829938,1.70447361236,0.494148507523,0.881390512421,121315
51,1.95005326359,0.480460657831,1.28061395198,2.04833296405,0.59899129077,1.09344406463,122317
52,1.49528289147,0.547852747627,2.43168096227,1.86282583911,0.524115597439,1.32048228313,122620
53,1.97579976434,0.00388126797777,1.01159767613,1.81173900323,0.498197269565,0.610249326288,123117
54,1.7228167708,0.359888939749,2.42894075554,1.84150043652,0.402186665067,0.837445692808,123420
55,1.84921842485,0.383592801984,2.28684111206,1.68078794105,0.438093206712,1.59657124914,123925
56,1.81710435926,0.408058385577,1.55723953157,2.01237750912,0.544740008127,1.21256900609,124220
57,1.68011860359,0.359391177886,1.28213065766,2.00914456345,0.237782799657,0.735649917886,124422
58,1.82178036905,0.474211087116,2.35051980915,1.97162565524,0.475239498784,1.28610583529,124826
59,1.82514088872,0.390596592318,0.657697117959,1.87421324183,0.39359195751,0.916633400433,125525
60,2.02012382752,0.416196546539,2.12786216898,1.78707914172,0.513978921292,1.24011942292,126628
61,1.604918579,0.385986872189,2.24420017827,2.21647018754,0.0944466904745,1.12967869511,127630
62,1.89376950601,0.483458452829,1.93528636408,1.77052177862,0.679943007146,1.1385122335,127933
63,1.57328160999,0.362721081784,2.13840172498,2.09374160805,0.250697244771,1.43200341211,128127
64,2.21425064784,0.0594510298506,1.16512787959,1.94862995212,0.485779424898,0.818397626502,128329
65,1.72075825848,0.56085339852,2.13195632139,2.08154024696,0.408646160216,0.789130400291,128632
66,2.1307342499,0.592033073429,2.26085217226,1.89950668101,0.746721800903,1.60461969138,129028
67,1.81100608429,0.398525116341,1.83701496858,2.03671676293,0.264271143049,0.901318596256,130013
68,1.808986622,0.345479928316,2.41160128313,1.90322068208,0.436105129311,1.09320535167,130316
69,1.70182117996,0.285187559593,1.70381292402,2.1654414931,0.429572273389,1.28328371331,130922
70,1.82108727934,0.371891702485,2.50419996916,1.84740292533,0.487169595728,1.53536245939,131217
71,1.71812624691,0.408780919791,1.43917043278,1.79081805471,0.456449284019,1.08430295612,131722
72,1.69396344147,0.368065479418,2.38538968923,1.58900741771,0.482310757203,1.21657032371,131924
73,1.65170974758,0.334208268662,1.67305670341,2.06318266971,0.314249953062,1.31117889821,133019
74,2.00390041044,0.477655587123,2.17997511057,2.15368625209,0.548380240289,1.43430018602,133625
75,1.9455461569,0.341670431753,1.80368592208,1.77698241542,0.406323168526,1.09157039447,133827
76,1.76362267966,0.361482814955,1.77787256503,1.67902453272,0.416097062372,1.02516212968,133928
77,1.51017072356,0.416361021301,0.788816142764,2.01871058654,0.457092826924,1.33188767569,134324
78,1.80011754527,0.308132720155,1.56194652846,1.8732654439,0.476656449421,0.970327394027,135225
79,1.77737386955,0.367400506454,1.99806175915,1.82418134602,0.00121614629315,0.787128539522,135528
80,1.73979077216,0.365222687181,2.31872744843,1.88330868306,0.428279569655,1.14292675212,135932
81,1.65240258084,0.412468473908,0.753232921168,1.9389573708,0.502511431243,1.24166610905,136227
82,1.66215362631,0.285351230706,1.66779958698,1.70357621814,0.366768132709,1.12550102338,136833
83,1.89500305916,0.405459674691,2.12390294493,1.8020333462,0.476717976582,1.14797586418,137027
84,1.9984984541,0.337219690118,2.05676435984,1.98792000553,0.453008372923,1.14865676075,137128
85,1.80931412461,0.414101242144,2.44760358385,1.92881238674,0.55266657701,1.57157417739,137633
86,1.73015167481,0.39110199372,2.32230152343,1.80453506642,0.421938397199,0.912790373827,138231
87,1.67699395206,0.47489780409,1.70860383428,1.89873711262,0.472635743415,1.10546331037,138534
88,1.68994239184,0.412528449003,1.98592287973,2.12588238523,0.195814396798,0.776001349719,139233
89,1.75366687643,0.37662575773,1.57997956714,1.91253970431,0.512834866266,0.975571412242,139637
90,1.68811708837,0.540572662262,1.35420470637,1.78987230407,0.708596513742,1.19201370667,140117
91,1.8427271365,0.371728982287,2.10911088888,2.05886906691,0.353908644284,0.829666805322,140420
92,1.73435841995,0.368170592174,1.65634158894,1.83754611546,0.46763796599,0.868571956067,140824
93,1.74897879907,0.504884050873,1.26027742549,1.9580536073,0.367710297705,0.855648624338,140925
94,1.58107808858,0.463884729852,2.8013433771,1.90585792255,0.376813665237,1.38939198398,141422
95,1.77582154643,0.489221599542,0.92822050294,1.81994392835,0.388556872897,0.716467112341,141826
96,1.80180564688,0.807125370957,0.978596075834,2.12325440026,0.207958820324,0.247715863034,142424
97,1.79915488067,0.23155315964,2.05541254056,1.87226768664,0.269828454367,1.68513323182,142626
98,1.81098379969,0.341593643269,2.33927923958,2.01370881344,0.686482801914,1.15633286556,142828
99,1.69780187961,0.596186745584,1.62263013897,2.02250895473,0.361879508544,0.713369831367,143325
100,1.71238590667,0.44464131269,1.24317191552,1.65979742142,0.487014299642,0.513198734795,144226
101,1.56482660317,0.425137603077,1.67580162202,2.00059920696,0.340359127271,1.18295082737,144832
102,1.92420386024,0.314839677003,1.74116423496,1.85661764456,0.396913873285,0.549065181152,145531
103,1.95040120073,0.424496546732,1.9422647099,1.82042565732,0.493628796836,0.882344873866,145834
104,1.62056620418,0.348209138388,1.0870422958,1.93423376029,0.23750415218,0.78127876094,146331
105,2.02640673201,0.264219996063,1.43461438534,1.84334808425,0.640699078762,1.06553628795,146432
106,1.44679499051,0.25622713965,0.973242408261,1.93020623702,0.310681139783,1.01254897366,147030
107,1.95342956852,0.368256518696,2.12526521602,2.12811290066,0.442887313046,1.31075962821,147737
108,1.70764029201,0.338821083188,1.56581381582,1.80886565784,0.583731351755,1.31008032943,148032
109,1.81138063033,0.330462028762,1.78083714044,2.05599327913,0.0353278531797,0.507286923091,148335
110,1.79307286837,0.38216044037,2.62528809182,1.83472931525,0.406521519748,1.16242077096,148840
111,1.72455265618,0.41519158472,1.47433664868,1.86386403188,0.48541958801,0.920140253175,148941
112,1.61064555485,0.320750897652,2.24523312186,1.65160357078,0.328258981867,1.15841666978,149337
113,1.87409107983,0.373138648721,2.28945831069,2.00879483703,0.481408980286,1.61394557202,149539
114,1.8581393212,0.287085460231,1.99673148716,1.86003783953,0.435832894931,1.3285406226,149741
115,1.7318005633,0.521271405668,0.787199321282,1.88241622429,0.415295851126,0.724850759796,150423
116,2.05579639327,0.406526677796,1.9380548284,1.96692594177,0.511975227015,0.999293275287,150524
117,1.79664560924,0.304218179233,1.79155685419,2.06428955223,0.158508552728,0.863598564112,150625
118,2.03528496788,0.363505933954,1.90510971077,1.80641244879,0.36688656921,0.651606601317,151223
119,2.30671082942,0.142680392493,0.833559590638,1.98647570095,0.374957312754,0.806128411044,151526
120,1.80550844379,0.362770298816,1.22118499004,1.95706077182,0.3422454601,0.706027079894,151627
121,2.00048371477,0.279956193185,2.1596416298,2.1083244456,0.329157444112,1.2413936471,151728
122,1.79190389032,0.427151780781,1.67101310611,2.25031290425,0.491710204464,1.06061969958,152831
123,1.65722436459,0.298263196471,1.34031882183,1.58959930739,0.509131147003,0.898707694589,153025
124,1.81113973228,0.448350570842,2.23842067124,1.95024818295,0.570979051422,1.81826597774,153429
125,1.74467197606,0.413495061092,1.8435425605,1.79184359615,0.36444700488,0.810181623933,153833
126,1.70001468062,0.403927395342,1.18096964897,1.72401298716,0.468431236536,0.864767279301,154431
127,1.86889605477,0.367087578345,1.37579531047,1.92647581136,0.569914560226,1.16552427358,154734
128,1.76153266124,0.346941660287,1.82112943456,1.8416261535,0.355710682825,1.38627609653,154835
129,1.61652993117,0.523656952031,1.49604038688,1.87678832616,0.441477398372,0.800871794843,155231
130,1.67098773848,0.282657637615,2.87839441219,1.8001605525,0.433090647078,1.98229326251,155635
131,1.83442229415,0.526271249158,0.980458042511,1.9777859933,0.43275547458,0.766984097043,156233
132,1.81546947884,0.328151238368,1.89799808563,1.94390849918,0.345993862206,1.06362808591,156637
133,1.91442382283,0.411805884463,2.52701009786,2.00677393567,0.516946424908,1.49707685832,157336
134,1.65729309391,0.400707207934,2.44938169239,1.72746458744,0.375101477456,0.837949605003,158035
135,1.62353546577,0.471247027905,1.46986515492,1.4961594377,0.454131958181,0.660154131168,158136
136,1.78768771083,0.719354066561,1.65211892202,2.09251931649,0.45169688846,1.22920650381,158540
137,1.40803457367,0.551744710499,0.726155222207,2.05136666462,0.43966812185,1.33534803635,159138
138,1.7339368719,0.534963901163,1.16751042162,2.1028197571,0.322154302136,0.82824664845,159239
139,1.79268617461,0.342723609537,2.19040088006,1.87986531701,0.480460697053,1.06904714226,159340
140,2.01398758012,0.504534694545,1.22414595672,1.9616177385,0.360527442064,0.671309157301,159441
141,1.72598237338,0.449210024095,0.707360123858,1.91065606159,0.430992477191,1.26163263282,160123
142,1.81136350499,0.347149019285,1.84933823043,2.14341521861,0.00921833553428,0.639024470501,160830
143,1.98336934373,0.447531402924,0.970569211502,2.05297537631,0.338221350743,0.527447118191,161327
144,1.626277588,0.375491629485,1.99209604109,1.97429795822,0.423414675508,1.74738886525,161630
145,2.01576337539,0.450780858375,2.09847155701,2.24590663608,0.0120139915839,0.971377605447,161731
146,1.8399313936,0.318723974451,2.09565243713,1.90508214387,0.242784235277,1.08692913424,162026
147,1.72350666935,0.414919442751,2.40122478458,1.64554884699,0.602462922783,1.17253540849,162228
148,1.61255513353,0.44892569412,1.07869956144,1.78436492683,0.479854941054,0.791128156274,162329
149,1.75902996101,0.41787561311,1.4650646696,1.90663233645,0.521753961097,1.12511354949,162733
150,1.69493117584,0.217448167059,1.51047620406,1.82562676328,0.372980083567,0.733739305331,163129
151,2.29289570476,0.44590376634,1.66123774696,2.0131525352,0.679639056753,0.917607465425,163331
152,1.58776370776,0.353396692911,2.17486540772,1.82212779563,0.344780557451,1.01693847637,163432
153,1.82997667799,0.53401250897,0.756068133584,2.05824817067,0.132141005981,0.380089042054,163836
154,1.73961642883,0.620592512672,2.33230930851,1.8517271903,0.683401392998,1.20388621264,164030
155,1.94867007978,0.309768820545,1.92671661603,2.04880628132,0.424048872143,1.39259560498,164131
156,1.81021994323,0.377820113376,1.57733946756,1.74147981874,0.496896481436,1.0596203619,164939
157,1.88041010654,0.387638084507,2.37571556952,1.87916833117,0.571495823746,1.4029601708,165234
158,1.74907997886,0.367005547685,2.49080486987,2.00892572765,0.2967448904,1.28856657685,166438
159,1.84176807108,0.433816872365,2.32772538639,1.92720937438,0.467846207185,1.42680999418,167036
160,1.77637693771,0.350760246228,0.733197419314,1.85048106793,0.305747997459,0.858363578222,167743
161,1.76441485869,0.458275855019,1.44414624934,1.99473919644,0.496772758013,1.01228329592,168139
162,1.99140542024,0.305578970344,1.02494985293,2.06115958558,0.42219943521,0.997944212552,168341
163,1.7507179617,0.368121781309,2.39484207648,1.88987722016,0.464176281389,1.42037300883,169141
164,1.81742511624,0.376351341764,0.625260239094,1.72773136822,0.537756073232,0.844122519246,169343
165,1.82494484711,0.346706834077,2.41767347666,1.99184467963,0.368788909721,1.25882198417,169444
166,1.80329615551,0.219771455749,2.27393713583,1.65883927786,0.286065232061,1.73682918599,170934
167,1.99113511236,0.356902854204,2.20958928146,1.7739394897,0.500888817614,1.07356731685,171431
168,1.78836930413,0.385627238823,1.93347890561,2.13364750056,0.382432678628,1.86175332956,171633
169,1.73845466696,0.41104623229,2.04016118363,1.87989440969,0.389794358726,0.901009757635,172029
170,1.6653842228,0.409948769991,1.99500206266,1.86792247544,0.36907323859,1.94027628241,172130
171,1.86404874419,0.425707600329,2.63778676604,1.67177563438,0.520850201611,1.13673863814,172534
172,1.59456515316,0.905274729196,0.707160862573,1.89242857184,0.674873644941,0.644443052629,172938
173,1.97452977661,0.204639995919,1.72048585468,2.04323080098,0.252701348657,0.930221878995,173132
174,1.94474483261,0.422052811686,2.2187519011,2.17056076317,0.409509397475,1.43392758681,173334
175,1.80520651687,0.309548972343,2.38465825599,2.14140590672,0.0242782958301,1.00377834165,173435
176,1.69542539136,0.386343738584,2.90118292349,1.89042849666,0.461510833129,1.32779018981,173536
177,1.97644216855,0.335278340398,1.42244757109,2.11681495726,0.316639606625,1.13394782165,173940
178,1.74448646032,0.403487708615,0.624606329144,1.89538585434,0.322401941021,0.500786310153,175035
179,1.92440684813,0.362845215706,1.69564804727,1.89244950686,0.368487093682,1.1590696174,175439
180,1.71356013069,0.455716047757,1.0017602701,1.83115938708,0.380872990739,0.522485898972,176542
181,1.75599155513,0.426812653295,2.26244757052,1.93501146784,0.49482676114,1.23089896822,177645
182,1.92996852991,0.392655644751,1.46845648753,2.04600308267,0.615580850003,1.27485436171,177746
183,1.96712439222,0.455841841917,2.36328347835,1.79000974882,0.544786780056,1.59086657879,178142
184,1.73424457078,0.659613857452,1.77446366574,1.70727625256,0.838074526696,0.943108135825,178748
185,1.72231371528,0.464961488308,2.27597815942,1.98769717574,0.497903153455,1.29951028424,178849
186,1.54240879513,0.510902110604,2.64890799329,1.84204917476,0.504599755715,2.07777036909,178950
187,1.68925089192,0.284730686909,2.25228707041,1.78163341338,0.289405708396,0.875884030519,179346
188,1.54958029257,0.317235707693,0.99776613774,1.95265694237,0.301686707318,1.06443839467,179548
189,1.61300148008,0.397109183621,1.2313891299,1.905842293,0.335708735004,0.873470158695,180129
190,1.82453561653,0.351248479297,2.4200809528,1.91396165644,0.419818474816,1.3706501442,180432
191,1.94058208249,0.331351478262,1.59388270212,2.13272734867,0.11858107484,0.734520055284,180836
192,1.65324070149,0.394415548388,2.92667548671,2.11046547536,0.368156067515,1.39569464448,180937
193,1.90146123599,0.0156838733808,0.686625515641,1.77562884432,0.384432568096,0.617573194504,181131
194,1.64535801046,0.464349625481,0.919905900194,1.68926229309,0.482044443486,1.18253207201,181232
195,1.6730776659,0.507173657107,1.47501828169,1.98356078459,0.609211101468,1.25839201582,182739
196,1.92991440532,0.396957998899,2.0478413241,1.4416737592,0.000101461635435,0.450273633427,182840
197,1.81563001049,0.382738090351,2.4880462669,1.89169829938,0.574273458288,1.50773631966,183034
198,1.79120148181,0.317463696058,2.69590213901,1.88670694348,0.458718172921,1.37623755713,185139
199,1.7557440737,0.288676948052,2.15132918276,1.74505379014,0.43381422283,1.67728181938,185442
200,1.64169253923,0.439392143656,2.41258918456,1.62329940284,0.416953383772,0.722637384489,186141
201,1.83051780745,0.522143741004,2.65935238756,1.95500639646,0.549903744446,1.30206033449,187143
202,1.58374369294,0.338020039039,0.887529685824,1.86088781402,0.34932703682,1.57500427039,187547
203,2.03063787902,0.273538316747,2.26554304849,2.07179982458,0.274614633801,1.59924984127,187850
204,1.69952572167,0.372276109919,2.2286206595,1.64462519221,0.557329650851,0.58154198695,188347
205,1.75776174913,0.339485293396,2.59872840428,1.75416180574,0.531321543684,1.54159336718,189349
206,1.73654528213,0.409004264663,2.5740892358,2.16202207422,0.601122043554,1.42953029406,190031
207,1.779463092,0.476498515311,1.34490775718,2.02213653965,0.063229154752,0.719740733365,191033
208,1.5327762276,0.271981201365,2.23120896501,1.72178122399,0.350977988544,1.62058979907,191336
209,1.69281640568,0.405582039198,1.89069137392,1.84512182677,0.357741737859,0.846007789413,191437
210,1.71473764865,0.41495600383,1.29639517348,2.08133022672,0.302619511703,0.897934121104,191841
211,1.8874757113,0.490870741003,1.80494221613,1.81508611448,0.455212598147,0.820432246187,192439
212,2.04647816011,0.488929082142,2.26027206027,2.04762136637,0.620483287717,1.46146020287,192540
213,1.84896033281,0.437133538961,2.5091624257,1.85304068509,0.482178086234,1.30141517465,192843
214,1.69905279543,0.302861183205,1.47824901883,1.99924395778,0.0099910418049,0.626952446647,193239
215,1.68791856882,0.355875866765,1.7152026694,1.80366507506,0.213834642146,0.708185548876,194140
216,2.13496184371,0.619115332146,2.03934360524,2.24372549995,0.387691418748,1.11930298767,194645
217,1.91447724802,0.396303832369,0.796266277447,2.08058775491,0.379466464407,1.21197116031,194847
218,1.56296959062,0.399577884166,2.65136353231,1.7796333104,0.318884589635,1.58601015318,195041
219,1.75416351671,0.479266723546,1.46349848716,1.7820629755,0.450924588535,0.28161772357,195647
220,1.81930049184,0.389894488816,2.06578950835,2.20973035106,0.427985798101,1.3445707039,195849
221,1.78611434291,0.485352339288,2.11427505603,1.68110551535,0.664759981564,0.696254947854,196144
222,1.73877715654,0.431942745109,2.17085992901,1.9296590917,0.45618964812,1.15774191302,196750
223,1.82916005588,0.477704165856,2.01734829643,1.96020742974,0.492524737156,1.42925303391,197348
224,1.73856677109,0.307275424013,2.17483659903,1.57436896345,0.484931355907,1.06894860402,197550
225,1.46558421786,0.000568268822408,1.01762584126,2.17776410008,0.233816287471,1.27961236715,198350
226,1.69312807673,0.356718555685,1.35226747614,1.88076812674,0.379665278494,0.945063014289,198451
227,1.83711726754,0.309063372172,1.6091242152,1.7592054087,0.301064729692,0.63924096906,198855
228,1.97279564948,0.188437818139,1.99236833912,1.82196762587,0.33199903017,0.95596633945,199150
229,1.73356944188,0.372074753342,2.47567992865,1.79419769269,0.565577369099,1.44529719379,199251
230,1.94301960253,0.513943178414,2.2795966004,1.88616102489,0.571374162579,1.46770624664,199453
231,1.86463854994,0.413826358874,1.57100973697,2.05975575411,0.500456653951,1.2217234308,199655
232,2.02029078374,0.476883611841,1.20085353849,1.77741472223,0.607717260641,1.00546335774,199958
233,1.71153629038,0.316150395976,2.52062390949,2.12181868764,0.392384159535,1.62074891263,200109
234,1.60792812268,0.344552935063,2.16752353473,1.60849926037,0.49966210488,0.934003737729,200614
235,1.81531100886,0.419093292098,1.36406341806,1.70115624547,0.691469457826,0.575672453288,201111
236,1.91476166454,0.350020055893,2.12739520583,1.61905225833,0.404210682406,1.24299219195,201414
237,1.59733184566,0.556412970238,0.821474594983,1.94429070137,0.534209784263,0.841941047874,201818
238,1.96813262469,0.367925859225,2.14411319202,2.01915447536,0.397654629378,1.61829903374,203418
239,1.78396990235,0.401569666101,1.35834008369,2.1176188954,0.0214271603726,0.716625836958,204016
240,1.69720387034,0.408133793007,1.29031588158,2.0020529968,0.404894849056,1.11340055213,204521
241,1.90934008062,0.368840649569,2.42875169716,1.83748663354,0.565420500682,1.02159624351,205119
242,1.95897454847,0.361365655799,2.30547123637,1.79133639529,0.52644159266,1.29794540388,205220
243,1.42374250296,0.416308712856,2.25024923638,1.64074633596,0.591455504184,1.50923790826,205725
244,1.86506743633,0.402490895456,2.18817363711,2.06704950211,0.42886561384,1.5557480742,205826
245,1.762505952,0.54062675428,2.68638372689,1.9815868515,0.5385823644,1.29935104594,208024
246,1.80681542196,0.576579090771,2.79220973203,2.37538267929,0.0333921574599,0.967967134222,208226
247,1.63927875775,0.37221271165,1.27344070696,2.0131747604,0.281834153964,1.40102391549,208327
248,1.89748974472,0.37625595939,1.48446469621,1.87254798198,0.466279711138,0.731379999325,209834
249,2.22668644927,0.418631196704,1.45921397968,2.03292348259,0.434050427679,0.593644492713,209935
250,1.71925563844,0.460542606014,2.90608997789,2.08240962469,0.420783305263,1.53156516865,210011
251,1.70682904306,0.508701183314,1.74378105833,1.69934338649,0.517544841053,0.800633445643,210617
252,1.73401774494,0.351603938752,2.80417958592,2.22203529954,0.397822166079,1.43543902184,211215
253,1.9306440549,0.555770602044,1.49710374386,1.97605463802,0.526374783863,0.688131339641,211316
254,1.51195374658,0.495121160284,2.85302100894,1.82822376117,0.511299062706,1.44606992047,211417
255,1.84819665965,0.427895355636,0.837136725779,2.09592092216,0.315901904858,1.01998695001,211720
256,1.57482847446,0.442687412677,0.711020090536,1.86805708043,0.467429021282,1.10245412633,211922
257,1.64200935744,0.373429565625,1.25127789746,2.10442168467,0.532744311221,0.869179226816,212116
258,1.62856983645,0.369306819393,1.2540102455,1.69769205635,0.372256207506,1.1074153799,212318
259,1.81181788906,0.419899568536,2.69920762742,2.08124027323,0.544290301208,1.67237346806,212419
260,1.96400335313,0.543761920319,1.07983270956,2.26479644887,0.115549520539,0.639309168182,214019
261,1.79874246559,0.421634416954,1.57485449795,1.61730794068,0.480252980448,1.09821922853,214221
262,1.58068181554,0.902297166063,1.12372001453,1.75567101798,0.786695803483,1.51777681394,214423
263,1.64617320672,0.397211065326,3.03825324873,1.85397115804,0.477481687748,2.0945122703,214726
264,1.72434530601,0.406005009745,0.649227880005,1.8474648729,0.390179776937,0.62163529221,217126
265,1.61091025041,0.534108948823,1.22065071576,1.61874895428,0.745189431115,1.53658156701,217429
266,1.42414366552,1.18506117487,1.11328230347,2.36544524445,0.0363176432988,0.475980133616,221319
267,1.71606719342,0.601308014201,1.97203250812,1.9730055695,0.424282919769,0.341595618575,224022
268,1.62267266447,0.501231583152,1.08480045548,1.81386779614,0.400686825337,0.875783734885,231928
269,1.80076121727,0.420106640067,2.59353660856,1.92269424486,0.483368381451,2.16338256874,233326
270,1.79905959925,0.446150794671,2.61932117042,1.63685076861,0.755633369904,1.02359735161,239944
271,1.56877667646,0.405910276853,2.04119050089,1.82750240653,0.397706987564,1.69857935411,245333
272,1.85564495972,0.461904250595,1.24176772111,1.86067939419,0.379675181183,1.00853508815,246133
273,1.69991521337,0.517625894292,1.31844515696,1.98665624463,0.351087250082,1.33505947098,249947
274,1.79597074731,0.54566032111,1.33069685296,1.7020309665,0.493700257928,1.0602944034,250427
275,1.37135403539,0.467570660793,0.951661387702,1.91492834871,0.360868899816,1.31562543101,251833
276,1.9490144885,0.344243408885,1.80676742477,2.1297701876,0.0347671543208,0.591160785527,255639
277,1.76558604145,0.325313981769,2.63963785019,1.82930128151,0.293922307345,1.35000678393,256540
278,1.71520757356,0.789515318339,0.75926892875,2.27593200464,0.0545933577186,0.560400870552,268850
279,1.98647059342,0.33685901971,1.84792619533,2.0297711487,0.184379311948,0.928138989838,280739
280,1.68053060706,0.394708121526,0.873682084026,1.61864815364,0.496004136866,0.413772907068,284646
281,1.73029352234,0.000992936774275,0.657026746807,1.85336781399,0.545504799257,0.961889113648,285345
282,1.9229754472,0.600563637945,2.04604939396,2.33384633434,0.0613815232708,0.780705416276,285446
283,1.64375904926,0.497061523394,1.14304146629,1.71021312352,0.397797212844,0.58149347977,289555
284,1.64585046926,0.367623585422,2.53016063845,1.96560187925,0.374447426252,1.64559744455,290136
285,1.81161654706,0.377468959956,2.35642351506,1.73154048882,0.441341929362,1.12387779417,293748
286,1.44087474902,0.378448583476,1.398679881,1.86885814519,0.321833350005,1.27008149374,298051
287,1.51413486452,0.461387541298,0.841292537892,1.76369531764,0.396954029145,1.22764225601,298455
288,1.72521342798,0.491687370597,2.0282213702,1.93259525737,0.576419160675,1.28403280986,303624
289,1.82254770301,0.346865183587,1.90641809089,1.78692005633,0.450236071353,0.902303449142,304020
290,1.7606888037,0.288884485121,0.648264591497,1.87811419051,0.210075434008,0.797631665773,307127
291,1.925128275,0.404531659858,1.9738766469,1.77339760921,0.365901756464,0.689425545545,308331
292,1.96004947803,0.430024997192,1.54355974114,2.06124419932,0.0966168245836,0.606212278237,310621
293,1.67606171571,0.372618521368,1.72802158955,2.00229544165,0.453747802293,1.60717918373,316633
294,1.86298946676,0.451505921303,2.38342584144,2.00267991877,0.447537262736,1.30053626078,329440
295,1.4749699849,0.402274522044,1.55077542153,1.66935195332,0.420560131945,1.06693260638,334635
296,1.591599359,0.407103089276,3.01289120861,1.78470164872,0.494383198959,1.50622704567,339847
297,1.89303319615,0.48524636735,2.15398631872,1.94305242704,0.672803089956,1.50452116806,351938
298,1.7383479609,0.333834655942,2.22576204647,1.85251806658,0.3127112735,1.05249020348,352132
299,1.66647109379,0.3565319522,1.42541933574,1.86658610077,0.344615719122,0.977037144948,352738
300,1.76733961242,0.769282746881,0.710721482133,1.79008195072,0.797351515732,0.713940025707,355239
301,1.89313997193,0.408727024163,1.94826697619,1.70658178686,0.548158228808,0.922392311163,356948
302,1.65476839434,0.331836209769,2.53429168236,1.54002164573,0.373174639592,1.77982580165,361941
303,1.8592852879,0.465271089036,2.16775353197,1.74860850762,0.552981581347,1.31591137095,365343
304,1.93735102016,0.460269093777,2.19934917881,2.02159682123,0.57760501115,1.26546075759,366042
305,2.13610677596,0.301587091779,0.933997275787,2.06140327514,0.407827950486,0.956361239297,366446
306,1.80584147529,0.450975633929,1.20138217805,1.75483252579,0.543030391528,0.877129612509,371843
307,1.88229799026,0.437974964894,2.10038690919,1.91947036258,0.519877824385,1.36325151115,377451
308,1.61837640422,0.342667647569,2.7449997414,2.02651493246,0.33885117291,1.75483273735,380036
309,1.62601503232,0.394784408679,1.75704760794,1.95287545253,0.446647928236,1.30890675973,382242
310,1.67369514243,0.364162900526,1.58379378919,1.92644869323,0.484546625273,1.60979975508,385450
311,1.58986317944,0.449057506673,1.84136155966,1.99261515051,0.390888480974,1.01883366151,386250
312,2.20353537324,0.0134498718492,0.885314132513,1.85404680414,0.539567391831,0.722832813598,390645
313,1.92929088071,0.494587540351,0.918422251929,1.54040582228,0.61101912079,0.974608913096,395958
314,1.84531061277,0.48861945896,2.71327818982,1.98346250241,0.522106160554,1.5788176837,397154
315,1.83373724487,0.335928320574,1.2681839542,2.1047655615,0.374303366303,1.38937123343,397760
316,1.81907398908,0.447242908731,2.36493605517,1.94034262963,0.455542718747,1.19518555109,397861
317,1.90478957404,0.402849288247,1.01624546401,1.78590216202,0.522866672278,0.78958737748,412528
318,1.81059609625,0.325972580955,2.277185667,1.79523194425,0.346477429768,1.82668299932,414229
319,1.86443690694,0.381560163866,2.19352177788,2.38330057462,0.052088932952,0.890456663793,415837
320,1.80459055864,0.404663434908,1.0231176824,2.33365031494,0.11522873028,0.662503604199,422632
321,1.70554961489,0.447053407082,1.75038012386,2.0539068431,0.396427058425,1.08981296905,436239
322,1.87659093764,0.36582571719,1.54636477535,1.97870074684,0.524333300913,0.964975352003,441939
323,1.57139625147,0.435310312986,1.30127851729,1.82498124056,0.387137922734,1.10076582856,445543
324,1.92567177261,0.451714455206,2.28762143619,2.21756355001,0.435030881081,1.41578376951,448347
325,1.87097662328,0.486261332055,1.53697740259,1.62666496017,0.594774395738,0.98360609762,465852
326,1.65278681257,0.407546303541,1.64993245347,1.7327785403,0.385819726394,0.855626879107,473952
327,2.22770163452,0.0221282035151,1.01592885481,1.90567950533,0.447601608784,0.908383079001,475855
328,2.10520810894,0.400454223422,1.25818357662,2.09038498902,0.272990882167,0.61773770379,479762
329,1.6429301378,0.419857582203,1.17170111359,2.04438624608,0.322928295676,0.702462055877,480141
330,1.51360930812,0.357451725668,1.29011472867,1.84930339248,0.414874230093,1.49496588633,485757
331,1.72896549111,0.300502110285,2.74783396588,1.7362918121,0.355941119545,1.23097737288,486759
332,1.83600593768,0.679883590597,1.03955454864,1.83289298096,0.581657367016,1.01657624681,497865
333,1.77198654321,0.459098763745,2.67107330941,1.83899121889,0.606501211257,1.82378336668,499566
334,1.78009079432,0.459451001229,2.50590162172,1.82264877469,0.396847852669,1.32612810538,500222
335,1.85560446669,0.278558643103,1.6841627748,1.91245253752,0.344145223799,0.801825611607,510326
336,1.86233320816,0.45890558749,2.19777430003,1.93903283477,0.509181871025,0.944041471924,519950
337,1.82298215464,0.42474978726,2.26030230553,2.01314372993,0.286124737118,1.39584312934,521331
338,1.87113973472,0.47651119256,2.55673583512,1.81523680928,0.638118303303,1.48655353068,522434
339,2.14570305638,0.454525921203,1.83999861498,2.03895420695,0.506098553665,1.22934737429,530635
340,1.76823791336,0.686503557367,0.970018472576,1.9696683874,0.543318320149,0.993862394279,531536
341,2.09944368192,0.0128170996884,1.07941280381,2.24860958438,0.021510902008,0.645667150279,540436
342,1.78051019162,0.3370451704,2.38187964395,1.99322848533,0.43182366491,0.962891825198,541943
343,1.87934923222,0.498765217718,1.82523713268,2.06043555891,0.534086478307,1.56281060359,545345
344,1.75705185174,0.484982433643,1.54427858099,1.98874876423,0.347594130947,0.859817049077,547046
345,1.94948105119,0.0143932262151,0.603627527454,1.79043156241,0.00461539868861,0.433372916524,552544
346,1.83570712911,0.405636070829,2.07349709419,2.04769935244,0.476930277326,1.24445047933,559053
347,1.71508351006,0.277055790887,1.48986481238,1.90162456781,0.345308159682,1.50012994323,561242
348,1.83115096732,0.350612578228,2.58734602185,1.93827776466,0.487233095483,1.30650127054,562446
349,1.89930443414,0.409999760574,1.98877129604,1.93128761565,0.360736344479,0.818056601724,565452
350,1.76082041239,0.294234655773,2.72048159961,1.84081005767,0.392322527504,2.06673692575,566454
351,1.69860545366,0.577328397081,1.61563524729,2.35652810495,0.0136029601094,0.874359712112,567052
352,1.71686361676,0.494692061404,2.07976128418,1.67301897233,0.535419071086,1.0893047501,567961
353,1.73834463353,0.395471653084,1.7310640377,1.84374282078,0.425581006815,0.980621327526,568963
354,1.72934010238,0.482337410416,1.26742735308,1.84614897688,0.378300299891,0.935763971749,570243
355,2.20348648234,0.0158836169001,0.994663055551,1.96154562176,0.609249289142,1.71094398889,573249
356,1.68467878234,0.418310379194,2.20714287316,1.80095341877,0.3648952645,1.74570734123,573451
357,1.76317288556,0.676501909513,1.31173958557,1.95122207529,0.494456741795,0.605923339899,579665
358,1.64468635008,0.361577014214,2.45189046405,2.02743502921,0.270871379646,0.796956559995,580044
359,1.68661297157,0.449120662893,1.46673584511,1.86764879941,0.495056104535,1.0673522876,580347
360,1.77635926046,0.471037139867,1.12438985771,1.73607123572,0.491488097042,1.09876171118,581349
361,1.78861204872,0.412650152117,1.68425756106,1.91290741364,0.587770457024,1.15788229021,583858
362,1.5598270058,0.353111553705,1.87183303875,1.70579157493,0.32628880887,0.976204007914,585862
363,1.6798105182,0.420444145327,1.24348751081,1.76107159936,0.382097673792,1.07228360386,586460
364,1.64275493827,0.422776766204,1.57094810807,1.71787805832,0.284830237982,1.02358214027,592455
365,2.12872368388,0.0111810742543,1.11858414347,1.90435953617,0.401736796016,0.856667181008,594156
366,2.00244515604,0.304991954684,2.7658209183,1.81696145542,0.432666835531,1.38599646974,598568
367,2.15025346117,0.0395135704261,1.45318187368,1.96374852561,0.384047137071,0.95550739763,599469
368,1.71168792428,0.41968559275,1.166675023,2.05603122526,0.33836897814,0.990100736947,599671
369,1.93861987648,0.299121014167,2.14264371541,1.94009358564,0.376959717699,1.56299322727,601127
370,1.80993388413,0.436168059669,2.36384149806,2.11263388504,0.376684100351,1.20763753366,613538
371,2.02846886726,0.336410557724,2.23694796083,2.12799277071,0.393211162058,1.07352730143,622236
372,1.85466385964,0.382980473809,2.6599411046,1.687383195,0.408327357081,1.06531722963,623844
373,1.62701529206,0.451044347853,1.01279087783,1.67256336922,0.5949455972,1.06062503238,627549
374,1.67780765979,0.408228104677,1.86702752832,2.00601890295,0.465053372742,1.29682203883,638049
375,1.45000182748,0.487068908189,1.15330987617,1.75315153527,0.264858315629,0.750330592552,644044
376,1.75294809466,0.509095624018,2.29697207281,2.16100108732,0.515169541343,1.63199015516,645551
377,1.68754479136,0.342308932185,1.64839753159,2.00963867575,0.313267220187,1.08855474424,650746
378,1.89817032693,0.573727238704,1.57129204175,2.08051151983,0.665786759588,1.01956510348,654754
379,1.81823820169,0.45497667349,1.50860183805,1.83519325547,0.384548489839,0.735948037347,665254
380,1.77237629383,0.311123775186,1.26128671284,1.65717308337,0.434463577079,0.858226100822,672756
381,1.8015732666,0.457200838713,2.35085425538,1.7873002272,0.643072645718,1.32451286527,673455
382,1.94270873619,0.362209364965,1.68471638366,2.07969623607,0.0169001288654,0.674347683948,677968
383,1.91740598458,0.465858166854,1.5369279963,2.03161712405,0.00318744594152,0.659351776941,680957
384,1.59862624561,0.378938941963,2.4111122509,1.70335200279,0.484271310785,0.745394000445,683256
385,1.66649084371,0.501675055099,2.69874181857,1.71632627364,0.628248597706,0.762885953284,685058
386,1.75611562918,0.345104987582,2.62960219862,1.92907892291,0.436969195257,1.66696060545,687163
387,2.29248386364,0.0396871248389,0.980444344498,2.06048301926,0.464762793855,1.08647658744,690152
388,1.83961965908,0.549172046756,2.05324690493,1.88602943849,0.750315189652,0.742845912908,695768
389,1.82467779119,0.396718020745,2.47343499986,1.95363416662,0.38606452021,1.21205097138,702133
390,1.97380922829,0.381098435184,1.83890341883,2.01670358007,0.307916894826,1.26765702983,704238
391,1.61973359115,0.45186887113,2.42090550647,1.9665212026,0.386359446837,1.28012985087,709551
392,1.60653947944,0.449584859317,2.08577036633,1.7268425127,0.551455027174,1.43255425387,713239
393,1.85020784915,0.377611565054,2.5502751274,1.88563316459,0.445209823309,1.44148699113,715647
394,1.73007134817,0.431917603165,0.900723323635,1.70820196378,0.355248556696,0.647637535175,729254
395,1.6984599046,0.574517486687,0.842185078744,2.00178100073,0.407610183439,1.06493951683,729557
396,1.71374373707,0.445525002662,1.84915405603,1.78998749571,0.43378030283,1.04749785203,732243
397,1.76361352559,0.372175448466,1.51632794111,1.79374612622,0.406145261964,1.04939627418,734045
398,1.85153723927,0.432892850147,1.87692736033,2.03283727163,0.450336368164,1.28786257867,742549
399,1.91415378455,0.174347856616,0.894416938479,1.75212708601,0.00276656004869,0.275047649506,748258
400,1.53666420648,0.443039189786,1.39498078607,1.99747942273,0.467447610306,1.12274471089,748662
401,1.72443486554,0.466404728919,1.11981299276,1.99321312244,0.097994096401,0.529012974499,749361
402,1.69483193121,0.474545511058,1.17400432601,2.13504981069,0.459671487557,1.45576744298,751348
403,1.77191896468,0.324358212589,2.56815007164,1.66557824809,0.449388607344,0.956820256651,759869
404,2.05196925027,0.320765746824,1.53725319482,1.81538566353,0.425725339477,1.37129709515,761957
405,1.85254026714,0.378073977095,2.40486343002,1.90641676594,0.540853336035,1.60060041859,765056
406,1.61712063932,0.391360486944,2.40381335529,1.8090355095,0.402142814532,1.1974379702,770352
407,1.91386560686,0.386073558679,2.36079024891,2.14704058673,0.419979263734,1.47005528753,771354
408,1.80598434759,0.334761050167,2.34673760875,1.91856316793,0.285432742594,1.06171689644,779370
409,2.03111425451,0.26091610133,1.74036676646,1.99204501644,0.157237994112,0.754882609677,782561
410,1.78684110547,0.395774546419,1.38826384281,1.84753392577,0.420931599111,1.32785242384,784565
411,1.37378894611,0.360728907983,1.51701783493,1.83759025343,0.294140784336,0.557170827734,786569
412,1.53369864243,0.445183258069,2.14590335569,1.86326355823,0.434838401784,1.48568954769,788876
413,1.70748564816,0.336187535118,2.60493566229,2.07158148196,0.127008046447,1.07511210282,789373
414,1.68197929525,0.440395387247,2.88215519227,1.86051045132,0.354014573511,1.10978557,792564
415,1.9849377084,0.370393599215,2.35535061251,1.80755769353,0.463185154115,0.843777694156,792766
416,1.7558909809,0.730853011032,0.589252525392,1.77289941081,0.72646731147,0.721182230969,802844
417,1.71933806758,0.459464659657,2.69353637775,2.06982128233,0.447555487797,1.46144357399,814649
418,1.91245183499,0.2675708344,2.24765800292,1.85476026952,0.336134735651,0.985662101157,816653
419,1.92646832941,0.424161676547,2.46937017569,1.94856502918,0.447202365275,1.00008318104,826353
420,1.86503395636,0.407818465251,2.32450318373,2.15429457759,0.319774873675,1.08363603272,826454
421,1.67207414126,0.386352795062,2.70255680287,1.44780121326,0.37366335407,0.910464945733,833148
422,1.97076427417,0.480801526458,2.24477536035,1.64783660926,0.585566774079,1.10298130117,833249
423,1.74274948932,0.323817651491,1.92249096774,1.98897132685,0.328908432776,0.510936142604,837964
424,1.73261788983,0.370498152616,2.15350410384,1.9730699827,0.331475637714,0.576713399769,845458
425,1.77864488637,0.35561035537,1.83046207333,1.99591809127,0.419088695271,1.22741340698,849971
426,1.71605808925,0.323352866719,1.81733914953,1.80104761075,0.258549575223,1.0393525025,856766
427,1.62996590816,0.615979754766,0.518172949785,1.74105307797,0.522470592224,0.568236247406,857263
428,1.8799486049,0.320513319916,2.22008298177,1.70507520857,0.492164215268,1.01233968498,859671
429,1.72122115766,0.402841601818,1.7872281908,1.86354425273,0.516861012952,1.20437638343,861456
430,2.05006683078,0.0198641734219,1.18750635237,1.83846714566,0.35422846769,0.936853069022,865363
431,1.81566242835,0.349961554391,2.19797873296,1.94606379739,0.415651687486,0.785449750555,871762
432,1.84077581206,0.439663190936,1.4607792817,2.07697730303,0.513885414826,1.14301773249,871964
433,1.68009154016,0.45181073348,1.46640241884,1.92150230618,0.39188225518,1.07788541711,872158
434,1.95124483912,0.412830334458,2.14069482612,1.97322293191,0.449651734066,1.13005559175,872764
435,1.68293586399,0.412325909252,2.25509215141,1.79861050845,0.478007926365,0.867894234343,877168
436,1.46727289141,0.743673037094,0.556188773529,1.58712668408,0.676119333421,0.457717707822,877269
437,1.67627025209,0.33053611229,2.11514829543,1.94962849522,0.372265355084,0.994171507419,885975
438,1.84723114199,0.375373935853,2.16005139134,1.9977324974,0.376567608038,1.15041227715,887373
439,1.84302374431,0.365204941981,1.09042282931,2.01543235989,0.447243987011,0.674502086531,889579
440,1.66489210735,0.45718283874,1.8926298951,1.74965287116,0.397637471661,1.28991161382,894673
441,1.68281302938,0.469136180153,1.33225450858,1.89772074475,0.40909333028,1.23496003855,896778
442,1.61460505452,0.709556809547,1.07726844516,1.89505473117,0.801431665271,1.12352604024,896879
443,1.62389085804,0.409017919706,1.37291980494,1.9509514355,0.420794296316,0.840398814268,898176
444,1.71937045545,0.471037700095,2.62697483787,1.98719688464,0.43904600448,1.08751597114,899885
445,1.96358396438,0.2873938349,1.98040168799,1.382585098,0.436658619725,1.13641148909,901038
446,1.66124346193,0.449847841546,1.43249415696,1.61895819429,0.470385259547,1.11999855808,901139
447,2.18432189918,0.0193179455753,1.03528841458,1.94362287332,0.35032861911,1.11220777023,901442
448,1.68920370379,0.400944853745,2.26783194658,2.06599898217,0.103599649354,0.910204197344,907656
449,1.80286506985,0.660244982675,2.09801948714,1.90715284432,0.783060078237,1.52162364598,910241
450,1.73927051473,0.41077438692,1.84154888953,1.78661513497,0.433423140592,0.800896556478,912447
451,1.76898610706,0.34344169771,1.47577964632,1.82862419582,0.425156291752,0.921793466101,917255
452,1.37340111743,0.393785693094,1.67905703735,1.92715627354,0.450241671563,1.64508705013,922854
453,1.58564336047,0.472976726105,1.82867995482,1.97550820692,0.473355434052,1.02471318249,930449
454,1.93059754662,0.350978224932,1.80205246739,1.99572329184,0.370472346682,1.41506746726,932554
455,1.99814375986,0.455766391158,1.58430940112,1.88314610864,0.53805228951,0.803414402293,937160
456,1.73919735598,0.371111280874,1.57633912601,1.75256104469,0.360087696994,0.974081804657,951457
457,1.72591107189,0.389266655475,3.01065261909,1.82330767655,0.53952361972,1.9026129181,957974
458,1.9201133622,0.452865678016,1.0121526719,2.06842769403,0.00890842715431,0.641836004356,958976
459,1.76083991814,0.440303301336,2.08607591891,2.00508901389,0.288046586335,1.35700003639,959574
460,2.11603362632,0.324983463906,1.99938464888,2.05738349984,0.270990924114,0.970990646124,965367
461,2.05018655721,0.500689818458,1.75581341137,1.97185094667,0.581655691277,1.1895085057,979984
462,1.87608784511,0.295326644066,2.63947214776,1.84452316099,0.417466004575,1.49021629159,983773
463,1.90183956651,0.281610284172,2.49905755303,2.15106108947,0.48542706555,1.70499750545,984472
464,1.73986245891,0.374716788509,1.84884666341,1.80238873438,0.424501957598,1.27801580882,987983
465,1.74057076844,0.285454776705,2.44916773113,1.80311273172,0.380804967976,1.41652188795,991267
466,2.10436421469,0.379831848148,1.12505213459,1.52719179718,0.000345155886052,0.50325600478,994273
